Image_Path,Overall_UX
screenshots/00b983daddc44fdf5ace9419f96ee118.jpg,Bad UX
screenshots/0102908af0c2ddb0e0fc5b81558bd0a2.jpg,Bad UX
screenshots/010b255c15b348aaea5e697d70604dfd.jpg,Good UX
screenshots/02547a2a6c4681d4ea99e98a617136db.jpg,Bad UX
screenshots/039f1a63cf9c8ae7812d4edb5fb15e63.jpg,Bad UX
screenshots/03bc4427c01024a1a0b6a7cec754e3ab.jpg,Bad UX
screenshots/03bfe3403f89c15b80c01e937f4153c6.jpg,Bad UX
screenshots/040cce5133a3d955db9d769387caa134.jpg,Bad UX
screenshots/041529fd6b900fc24e0e8a773cb1e68e.jpg,Good UX
screenshots/04d64b6c5501e124e23cfd253dcfd680.jpg,Good UX
screenshots/0522b6a3adf5bf798e5633a05ba9e653.jpg,Bad UX
screenshots/05f64886a6d9c4a1f6088c52c5431e6d.jpg,Bad UX
screenshots/0624c95dd9741839e80909a6af226bbd.jpg,Bad UX
screenshots/065357077a4de8abaa8d01bfc78cc7b3 (1).jpg,Bad UX
screenshots/0a487bd6bdb14ad0a7b5a97d577ee92a.jpg,Bad UX
screenshots/0ab87971499c170dc926b3585f016d7b.jpg,Bad UX
screenshots/0b96a718d1b05c976eb38d7af57d1c18.jpg,Bad UX
screenshots/0cd9676a68d44a56cf96dbd2df05c95e.jpg,Bad UX
screenshots/0db75aadd67c63faa45f134ecce0b86f.jpg,Bad UX
screenshots/0df1be9a35d22a47f7f718933e9af3de.jpg,Bad UX
screenshots/0df806bae170b7373e87765119c90877.jpg,Good UX
screenshots/0e0695f4229a6619b54e9d44c44e63f2.jpg,Bad UX
screenshots/0e57a375d6345602d31a7519bf27f1d4.jpg,Bad UX
screenshots/0eab6e0258723310f35ee4828fa40e22.jpg,Bad UX
screenshots/0ec3955d8738334889634cd20d10c820.jpg,Bad UX
screenshots/0ee1dd1cc4f8ef6cf5d7749a136357ea.jpg,Bad UX
screenshots/0f23c11b1a7f793cc1c2c756078b2dc9.jpg,Bad UX
screenshots/10.jpg,Bad UX
screenshots/10e5b66deae2283546b05957e11a4291.jpg,Bad UX
screenshots/11.jpg,Bad UX
screenshots/1159120a660f885759f46009553e770f (1).jpg,Bad UX
screenshots/12.jpg,Bad UX
screenshots/12542b4373e35f27578141903eccf0ba.jpg,Bad UX
screenshots/12d622ca7a7b2f9bcd69a1d992dd0a2a.jpg,Bad UX
screenshots/13.jpg,Bad UX
screenshots/13145446803_13d13acc56_w.jpg,Good UX
screenshots/14.jpg,Bad UX
screenshots/14379742813_18f95c7792.jpg,Bad UX
screenshots/146e9ac6d1b89d3739c1e2c5a353f62e.jpg,Bad UX
screenshots/14e9b9fab92d9c82de5dee2fecc3dc86.jpg,Bad UX
screenshots/15.jpg,Bad UX
screenshots/16.jpg,Bad UX
screenshots/17.jpg,Bad UX
screenshots/172002fe706f6be257192f3ea5962dd3.jpg,Bad UX
screenshots/1733799158_b60f1c4dfe_z.jpg,Bad UX
screenshots/175e3b3e04cc9fddf17c3c943aebbc7f.jpg,Bad UX
screenshots/1774ee1d4bbe1dccb47979c6e9caad57.jpg,Good UX
screenshots/1961409e9c24cf19e620b31709f64718.jpg,Bad UX
screenshots/1abba5cec7125e760f0d2bc83ad50550.jpg,Bad UX
screenshots/1cd73ded71a4463e49a912301050812e.jpg,Good UX
screenshots/1d15480d6c5c9466ab63b3eacf6cbe7d.jpg,Bad UX
screenshots/1dbcf1c96e48797d8ea665b161a4c633.jpg,Bad UX
screenshots/1dd53682f77b8ebea13714bf69854614.jpg,Bad UX
screenshots/1e06193ad98098e00e92be1cdbbf9e2c.jpg,Bad UX
screenshots/1e991f52865908f3925459e7cf46fc3c.jpg,Bad UX
screenshots/1fc6dcc3c477ae0c8fb1d509b6acd4d6.jpg,Bad UX
screenshots/2047f6949b3cda557011c52dd4bfd7a3.jpg,Good UX
screenshots/21783fc627f366c8a267590401455658.jpg,Bad UX
screenshots/22411ba39e14434fcffe96680acc56d6.jpg,Bad UX
screenshots/22477c47f0bc37aef052058c9f5c6cfd.jpg,Bad UX
screenshots/2256508036_6afe5f3177_z.jpg,Bad UX
screenshots/225ecaf3851312a7aee09608dc3673cd.jpg,Bad UX
screenshots/2349b1c1e9307219d7861c987bd75731.jpg,Bad UX
screenshots/23c982847fc7baa735a1e419daeaf8ce.jpg,Bad UX
screenshots/25cebaa7449747f64360ecb51a5376ae.jpg,Bad UX
screenshots/2659837058_5a3ef6c743_w.jpg,Bad UX
screenshots/2695354857_11e799475f_w.jpg,Bad UX
screenshots/28a9d5093e6ae9ba7451c5fc2e8f4cd0.jpg,Good UX
screenshots/29959086731_78f3d14399_z.jpg,Bad UX
screenshots/2b42e26fa29f8934c2aa2e4897cbdd9a.jpg,Bad UX
screenshots/2c59e59b7161f3dd68800b554410f6e0.jpg,Bad UX
screenshots/2c68a78b3b72dcbc4fbf48a5a404ed39.jpg,Bad UX
screenshots/2cbb8d381757bd4c11408835c285e0a4.jpg,Good UX
screenshots/2e616467e593ad42e3994a4dc2f0a58b.jpg,Bad UX
screenshots/303e75e125cb55dfdc959c2a1cbfd367.jpg,Bad UX
screenshots/317fddfdd354d3be4d5582cd708392a2.jpg,Bad UX
screenshots/3368a1b50857d9027401297b08761b12.jpg,Bad UX
screenshots/344c2dcab890753c898c21f5ceb014c1.jpg,Bad UX
screenshots/3566580d62562bec9d356cb585cdbe35.jpg,Bad UX
screenshots/356b3c20e433a33d0981ff48f9416a1e.jpg,Bad UX
screenshots/35d86501fc166fe2add0afe64ab952ed.jpg,Bad UX
screenshots/36c992a0118feafee49e1b4ac208772a.jpg,Bad UX
screenshots/372e5a932f4f0965a94769b8bda6b2d8.jpg,Good UX
screenshots/388f0e32ed540a5b839c0b5086ba267c.jpg,Bad UX
screenshots/38d872cd09dfad5d1454bd9f5e40faed.jpg,Bad UX
screenshots/3a06c4b3ab8aaaa3f9c5832226180286.jpg,Bad UX
screenshots/3aabe232bc30d71baab25bf5d5ac0cd1.jpg,Bad UX
screenshots/3abscdyrgdk.jpg,Good UX
screenshots/3bd0f10545b2e6b49ba3dcbd1e86b329.jpg,Bad UX
screenshots/3ca704381f1c377efb5a0751a6ec0aa1.jpg,Bad UX
screenshots/3ccae855a653b9fcd2ed5955382ab6c7.jpg,Good UX
screenshots/3d317eef6cdfb3eef1824451954c8143.jpg,Bad UX
screenshots/3e0387d511137ffd500eec129bc00b93.jpg,Bad UX
screenshots/3e1e6fcd379f6e1742a3563df558ea21.jpg,Bad UX
screenshots/3e39e83b79056a1a0d97f9b54fbb6028.jpg,Bad UX
screenshots/3fe50c5c78ac3f7c456154f9b6ee4994.jpg,Good UX
screenshots/4094808eeace808e28bf90759767f338.jpg,Bad UX
screenshots/40cfdb56704b3c5f0e8390940bdbdb0a.jpg,Bad UX
screenshots/41146f7abac4c6182891d4018a9382b6.jpg,Good UX
screenshots/4148522aa3b4756d50d7a508c1de4cab.jpg,Bad UX
screenshots/4180453492a4ca8fdaf1293c8801e1f4.jpg,Bad UX
screenshots/424518af51e2a346def1ca72a9479573.jpg,Bad UX
screenshots/4250323463_ebe085de3e_w.jpg,Bad UX
screenshots/428aa2a94f1de187f62ba10ce29e1e40.jpg,Bad UX
screenshots/42970883d83afcde96e92e10bbae7468.jpg,Bad UX
screenshots/429f967e25d79f777000084184593ca9.jpg,Bad UX
screenshots/43828c580384cee08e6506908a287ea1.jpg,Bad UX
screenshots/446b77032b9ebe1c3fb8bc99ee5004ea.jpg,Bad UX
screenshots/448bc611bad871ef24c6245e2dc96f53.jpg,Bad UX
screenshots/44b50891cc874df8857dc1a449edb9e4.jpg,Bad UX
screenshots/44bc9d7b8347650e86329c28a93140d2 (1).jpg,Bad UX
screenshots/45d24499ed198cfca46966cd69538f0a.jpg,Good UX
screenshots/462c6135d65d6f6517a717722683446c.jpg,Bad UX
screenshots/4651c378907888d69dd477af51196fe7.jpg,Bad UX
screenshots/4868578197_9495955be6_z.jpg,Bad UX
screenshots/4993165730_fb7b93337d_w.jpg,Bad UX
screenshots/4aaghome309 (1).jpg,Bad UX
screenshots/4ac5c5957d9e520309c8045b33af0547.jpg,Bad UX
screenshots/4b2117de830e278787fbb901d7fb73b9 (1).jpg,Bad UX
screenshots/4bebce2bbf064201fce3fca0d6989fd4.jpg,Bad UX
screenshots/4cf40d069864281d905b16b8f953db89.jpg,Good UX
screenshots/4d63bbc37eeea470bc70fa9fb2ba585d.jpg,Bad UX
screenshots/4dda02a9f1615db8c25fc251c5c84d0a.jpg,Bad UX
screenshots/4ed52f4908d8d646bad62ebda7f81e60.jpg,Bad UX
screenshots/4fb298a0b6d9b6aac3f668312277a836.jpg,Bad UX
screenshots/4fe93702477b315f8c0f9d44625c7423.jpg,Bad UX
screenshots/4ff77a78b0c1f6d2ee43e7db086b9222.jpg,Bad UX
screenshots/4sadfksdffnsdukgh.jpg,Good UX
screenshots/4shared_com_png.rf.56ESfdbTeqhYqGJTPaY7.jpg,Bad UX
screenshots/5082915427_64360a0b3d_z.jpg,Bad UX
screenshots/514ed3ea201dd5f26d58d761b28b3b8d.jpg,Bad UX
screenshots/51846970609403475b86de05d1dd38aa.jpg,Bad UX
screenshots/523db58d9f8560ae1c77daefe8132884.jpg,Bad UX
screenshots/5276af39adf2a4875a0f6f95bc29779d.jpg,Good UX
screenshots/53097d6e8030fe56f15a98d6001811b0.jpg,Bad UX
screenshots/5359447818_a8e32bd5fe_z.jpg,Bad UX
screenshots/5392712d84621bd49d7f2c13f863fc53.jpg,Bad UX
screenshots/5485f702cd842e64505a7e2ca603cc93.jpg,Bad UX
screenshots/54c2068d4846acb6666f6e4f3b6770e4.jpg,Bad UX
screenshots/5560dd9d1c1c79bae93d24fd8b604ed2.jpg,Bad UX
screenshots/5583007334_df2645ec55_z.jpg,Bad UX
screenshots/559017bdbf6158ba2821baaffea7faf7.jpg,Bad UX
screenshots/55bcff68e90ce9e9b99c82f576fd512a.jpg,Bad UX
screenshots/5690294342_fcf9881f05_w.jpg,Good UX
screenshots/569761d19c9daa0d92149ed4b63401d8.jpg,Bad UX
screenshots/56bf93ec99b723d17379d0d2efa27436.jpg,Bad UX
screenshots/58961993486d998c22faacf9aab69c48.jpg,Bad UX
screenshots/58e2cf7b4017ea6e2e4663b0004cb170.jpg,Bad UX
screenshots/5910969abcfac6c57869e6d78f8e391c.jpg,Good UX
screenshots/594eee93f772b4fdaaded7496e4fb78b.jpg,Bad UX
screenshots/5a7df68693ec126821127c3f656d39e8.jpg,Bad UX
screenshots/5adc8c25b0c1c03546d81bec04486d01.jpg,Bad UX
screenshots/5bbf39dee4add8b03464583dcacf45a7.jpg,Bad UX
screenshots/5d755d948705d63e4ec179e2eef769dc.jpg,Good UX
screenshots/5dbb9ab11e095b71f988ace0c1f5711a.jpg,Bad UX
screenshots/5fbb3f27a19f45424baf35ba2ec32eaf.jpg,Bad UX
screenshots/6004bf2dc6a4e31e8de64f6e7a05a1f8.jpg,Bad UX
screenshots/617003e6a76c744f4bd3245750e7df98.jpg,Good UX
screenshots/62d4a40059fcb5e9ee17b39a33ba727f.jpg,Good UX
screenshots/62d6f8edbe0290b5c809d66c4a11132a.jpg,Bad UX
screenshots/63a759d9947bebbbbb7b3abefcbf5e1b.jpg,Bad UX
screenshots/63d792f698c96d0832102274d6a62ece.jpg,Bad UX
screenshots/63febadb09710177ff127f4034c82855.jpg,Bad UX
screenshots/64a0e6b70e1e902896552e0f8ef93e0b.jpg,Bad UX
screenshots/6557947845_21388a0cff_b.jpg,Good UX
screenshots/658ab1964eaf9512afd033886bfca613.jpg,Bad UX
screenshots/65aaf7b13ae33125a9bb3d9327bf740e.jpg,Good UX
screenshots/6622e21c4d24c252ba300e7afaa8ac0e.jpg,Good UX
screenshots/6663bdf18105c35c4f2b2682cf8711e0.jpg,Bad UX
screenshots/66fb048a43e6ce37ad5214e2_AD_4nXfG7ajgg5EDKfLn_hFk30pNiX48uHMsAUjQ5W83w7P1yuOm00o7ZsadrrN4JTvCSp0AhkEMNjAgiyBXWnzGqPF01zSoCoscC0gSqWqmDdbdVTgZfPoDKaErlC3fcScLW2DtckLk1L15Mpia7yI4pR8LqMPn.jpg,Good UX
screenshots/66fb048affd15a465f46f068_AD_4nXcBmUT3Gtz-BGinJ24WlSFJB-9Naf5BcQUbXyvFgK75D4W90BvthzalQU0ZLHcK7CGPeINd3JeWyoGtTO7NJh-uPikXkb_U4hYq_VzgQJOKNGCE_4fPhm-tYaF7QiCWtRBvVC0RMpnBlFoTDsq6WjkfKTt0.jpg,Good UX
screenshots/67065cd607dae6e638e411d0_67065a365e533310d443ac03_02.jpg,Bad UX
screenshots/67065cd707dae6e638e411dc_67065a1e460744ca04f5a0d0_01.jpg,Bad UX
screenshots/67065cd707dae6e638e411df_67065b447d31138a14b3d377_07.jpg,Bad UX
screenshots/67065cd807dae6e638e411ea_67065a4fce0cb7237ff81cb2_03.jpg,Bad UX
screenshots/67065cd807dae6e638e411ee_67065b013218cd4f9e0e38b0_05.jpg,Good UX
screenshots/67065cd807dae6e638e411f1_67065b27cde65f7cbd14f58a_06.jpg,Bad UX
screenshots/67065cd807dae6e638e411f4_67065ba8ec5aad79bce88114_10.jpg,Bad UX
screenshots/67065cd807dae6e638e411f7_67065b8c68e48de94aba3577_09.jpg,Bad UX
screenshots/67065cd807dae6e638e411fa_67065c0d68e48de94abad927_13.jpg,Bad UX
screenshots/67065cd807dae6e638e411fd_67065c5f6da102c8660efdbc_15.jpg,Bad UX
screenshots/67065cd807dae6e638e4120b_67065c9b37738d2c7ed0e6dc_17.jpg,Bad UX
screenshots/67065cd807dae6e638e41220_67065c8137738d2c7ed0bec2_16.jpg,Good UX
screenshots/68d02fad3259aa74f24dc390d0018b26.jpg,Bad UX
screenshots/68f83240ea46614d5363ca2b09de2d1b.jpg,Good UX
screenshots/69e6bebca1e7534f8a5f94c25e4e17df.jpg,Bad UX
screenshots/69eb8e5eeb3532630480f51e108747fa (1).jpg,Bad UX
screenshots/6a00df351e888f88340133ed615c69970b-800wi.jpg,Bad UX
screenshots/6a112dac1d7661c47540441590d63f06.jpg,Good UX
screenshots/6f3329d8edf423d04b9bdce641d460fc.jpg,Good UX
screenshots/6fd7fcdd30de3e072757c4195ce6af00.jpg,Good UX
screenshots/7-zip_org_png.rf.a1e68d22bb88d429ee318e8c85c917f9.jpg,Bad UX
screenshots/7.jpg,Bad UX
screenshots/70847ed3b11ecda4a60fbe85d39d8a68.jpg,Bad UX
screenshots/70c24dfb8104c607c100a3bb8eb38381.jpg,Bad UX
screenshots/71647600a3b23c589fd5083c3de3f24d.jpg,Good UX
screenshots/71b257007a67f9d8cfd558c0d0a08359.jpg,Bad UX
screenshots/728049dbffe4394ae9a1e5c0b1c24699.jpg,Bad UX
screenshots/7395be63ca0aa79ceb6cead3785da957.jpg,Bad UX
screenshots/7486eda240819d41ff81a81a4098599f.jpg,Bad UX
screenshots/757a374a390e36a671e0058f8b9c8142.jpg,Good UX
screenshots/758b85cd321bbd3cd4a4c9c5c37e8f5e.jpg,Good UX
screenshots/767637b80404868f8add1d1c650d2f0e.jpg,Bad UX
screenshots/78af8b021ccc8e81e12081121ec2629a.jpg,Bad UX
screenshots/7a1f2a3aa80af302444a86d72d61dd0d.jpg,Bad UX
screenshots/7a30deb6d0541a405d51c24163c31490.jpg,Bad UX
screenshots/7a47de64f9db841dc1ca7820dba77904 (1).jpg,Good UX
screenshots/7a6dab63138e065ff66c01cb83c0949e.jpg,Bad UX
screenshots/7a722140761bbf202651f9c7ab8ea101.jpg,Bad UX
screenshots/7aa5b1375e7c64350c356a98a2fc88a7.jpg,Bad UX
screenshots/7b015d5e578b659f1f7cc3f52ad5a1c3.jpg,Bad UX
screenshots/7cd3ea56a5674af79dabcabbec24f3a8.jpg,Good UX
screenshots/7cf431eb567bb7e253385720118a8418.jpg,Bad UX
screenshots/7d19cfa2e865bfee3d1b37ff14f10c5a.jpg,Bad UX
screenshots/7d60e71e4cef22f99e5a1de60d2e155a.jpg,Bad UX
screenshots/7df1f82477abc7e201e0f18447ba34df.jpg,Bad UX
screenshots/7e009d5217f871130c8a752d1b1da8ff.jpg,Bad UX
screenshots/7e22581237d6ca95a2522b06f401548e.jpg,Bad UX
screenshots/7f2a83867d1835ca272df66f7ee3dc28.jpg,Good UX
screenshots/7f2e7d841729db659912d6524700c7b1.jpg,Bad UX
screenshots/7f44f694f8a1959bbb92c600cf908231.jpg,Bad UX
screenshots/7f52012fa5b132e4abc65027ed64165e.jpg,Bad UX
screenshots/7fe2ddab83a75411f863cd3ddec68935.jpg,Bad UX
screenshots/7fee36cac6eaf9a858fea96ed7275d19.jpg,Bad UX
screenshots/8.jpg,Bad UX
screenshots/80a97fa7a86c2cbf1159c9097cf5ac41.jpg,Bad UX
screenshots/82653ac01c9d980252b3844701bda995.jpg,Bad UX
screenshots/82772ae5624a96307b496dc790b65548.jpg,Bad UX
screenshots/83beabe47780c82109ccaac76f3cc673.jpg,Bad UX
screenshots/8427690713_c046cd6c77_b.jpg,Bad UX
screenshots/8463d97161d8ff8d5445b062b14fdb08.jpg,Good UX
screenshots/852d62fdcdac1637e6a2fd18e7f1e305.jpg,Bad UX
screenshots/853c0d024f17b569b9c51f7f3ce2cc56.jpg,Good UX
screenshots/85646bb7a143edb00f5565ebd944cebe.jpg,Bad UX
screenshots/8564be595e806a7163909a849aef40fe.jpg,Bad UX
screenshots/8588d82c1d8715b97f63cde6047cee43.jpg,Bad UX
screenshots/8596647b094e1637253f80608659dad0.jpg,Good UX
screenshots/866d11a4d57b8fd326b3d43c9a798856.jpg,Good UX
screenshots/86c46aeaa63757efadc34a9397c22c50.jpg,Bad UX
screenshots/86e29325124ec811d0cb8ae694b4daec.jpg,Bad UX
screenshots/887651d9f57c366cb26e9bc185bc58eb.jpg,Bad UX
screenshots/88b39f21a223aae742cfc47254c3e4e0.jpg,Bad UX
screenshots/88e81a1f1a35ae0d5f6de0d301cbb4c6.jpg,Bad UX
screenshots/89119c76a77d1d780f09cf32872e3848.jpg,Bad UX
screenshots/89bc5df34336b413ad0d191e463e16de.jpg,Bad UX
screenshots/89c10d04029080c8362dcb8cddf10306.jpg,Good UX
screenshots/8acb51910924573cec6bb144ba567cb1.jpg,Bad UX
screenshots/8af5ae4fc276badb5e9cf3bfa4633046.jpg,Bad UX
screenshots/8dfa0f03ec06802dfeef9769d837bad1.jpg,Bad UX
screenshots/8ea49ae2b8dd08bb09b2ce60c093d836.jpg,Bad UX
screenshots/8eb3c63742549379dc3befd4d814ee10.jpg,Bad UX
screenshots/9.jpg,Good UX
screenshots/9027018502cb88bc47f01e433f9fba53.jpg,Good UX
screenshots/902d81456e976644157dc4f6f04e9316 (1).jpg,Bad UX
screenshots/90b4929ddcf3f6badb98f11ae310b910.jpg,Bad UX
screenshots/91bd7ba957ec191826d0538ae766a7f9.jpg,Bad UX
screenshots/91c5e43ef70311945f30e7a524f6cda4.jpg,Bad UX
screenshots/9369a4d52b686b338c160eaa3ecc3168.jpg,Bad UX
screenshots/938ddb140a89ecc4e0817581e024f5eb.jpg,Good UX
screenshots/9412f7f8e47885726dce621c5dfd21d4.jpg,Bad UX
screenshots/949d6e470bb51c59c954f8ad614aafbf.jpg,Bad UX
screenshots/964297417d1de984ddceda4f7369e7bb.jpg,Bad UX
screenshots/96a7e6c33d0768da5ff7bc4184d9a265.jpg,Bad UX
screenshots/9783d340f4f7d2e9a5e9ccc853d29f21.jpg,Bad UX
screenshots/98413a6083ea4e688745faab0b295947.jpg,Bad UX
screenshots/9b726413ccc9fd744104f09c32a91121.jpg,Good UX
screenshots/9bbabbdcfde2d59561195f30ed4953fe.jpg,Bad UX
screenshots/9debe61106738e842d82cf31688b34c9.jpg,Bad UX
screenshots/9e91a523399f15086580e1595f69665c.jpg,Bad UX
screenshots/9e9a084a6e5d2d5358cdc76956f36292.jpg,Bad UX
screenshots/9ee7627b209975604a0f2adf86522362.jpg,Bad UX
screenshots/9f55c3700a1aa94e9ba1885e4804bd4d.jpg,Bad UX
screenshots/9to5mac_com_png.rf.b280c437f46781de696d7057495c4bf9.jpg,Bad UX
screenshots/a04768aae358fd9838122214114b7896.jpg,Bad UX
screenshots/a3aecc23a4212aeb36de7b8893a9ea81.jpg,Bad UX
screenshots/a4d72c5ce478287c1f3bf0e640b228b2.jpg,Bad UX
screenshots/a6df8b6add27fe61397458776cf76415.jpg,Good UX
screenshots/a824de8b62b8716876b937792e544150.jpg,Bad UX
screenshots/a89a62cf53e6b9045f787041d7818378.jpg,Bad UX
screenshots/aa0a410e9f49a427d49871d9bee0e6c7.jpg,Bad UX
screenshots/aafff22fd5c3215f3b4e71cc1f1fedfb.jpg,Bad UX
screenshots/aarp_org_png.rf.08d458dd63a9db42109f55877c6ba82c.jpg,Bad UX
screenshots/abcnews_go_com_png.rf.13407cc96fa548fb967359a3786d7996.jpg,Bad UX
screenshots/abc_net_au_png.rf.29def65209925c573b9488f3a121317b.jpg,Good UX
screenshots/aboutads_info_png.rf.0d4bba5b8e03cbb2e00cfa9f0f47568a.jpg,Good UX
screenshots/aboutcookies_org_png.rf.ab7e99e5cb98f703ffd75bff6ef4f154.jpg,Bad UX
screenshots/about_me_png.rf.4350bd41fa0eb32033d55e857444df7b.jpg,Good UX
screenshots/ac4572006bc43db95c9467fe44dbb090.jpg,Good UX
screenshots/academia_edu_png.rf.39fc3ffa385c7549e22592113b8c6412.jpg,Bad UX
screenshots/access_redhat_com_png.rf.5301f46b8dc8743d8a66bbf574c2fc19.jpg,Good UX
screenshots/aclu_org_png.rf.4b3b1951a1920642f16af3819413d496.jpg,Good UX
screenshots/actionnetwork_org_png.rf.0e17a06f65b5812e6e1aefc752294132.jpg,Good UX
screenshots/ad2b18c1811e35ccd5cdb19081e958ea.jpg,Bad UX
screenshots/ad5257d26c338f1567403ee1f5f8a70a.jpg,Good UX
screenshots/ad9244f246b76cd95a4f04eaed2e73a2.jpg,Bad UX
screenshots/adafruit_com_png.rf.599562baa5562ad3b4e3c0b71ca6a61f.jpg,Bad UX
screenshots/adage_com_png.rf.748973b7041fb942575ed5a35b49fdcb.jpg,Good UX
screenshots/addthis_com_png.rf.8f6714a365fe861e3eb6c5f8212a5778.jpg,Good UX
screenshots/adssettings_google_com_png.rf.akH5MXgkQGmXDQoT0wDt.jpg,Bad UX
screenshots/ads_google_com_png.rf.3bc53Y4Fpx087juKWFPH.jpg,Bad UX
screenshots/adweek_com_png.rf.ccb0b6dfa9a7aa9a79169449fd7d989a.jpg,Good UX
screenshots/affiliate-program_amazon_com_png.rf.4e0aa4ca9552d50d4bf8ae4245d0dc47.jpg,Bad UX
screenshots/agoda_com_png.rf.0ccd6c443bc846896330fb402702c265.jpg,Bad UX
screenshots/airbnb_co_uk_png.rf.c19abcfe488df2f6888852f5aa240ac3.jpg,Bad UX
screenshots/airbnb_ru_png.rf.194d00bfcc92fdb55020f33875b34c27.jpg,Bad UX
screenshots/airtable_com_png.rf.60a9482b2cd3715d81047025dc4d2dc7.jpg,Good UX
screenshots/ai_google_png.rf.e9fcb38702e941d8ec35aa546e506d20.jpg,Bad UX
screenshots/aka_ms_png.rf.8e0bfbf8e04642c2d5d2e0882fc16785.jpg,Good UX
screenshots/alexa_com_png.rf.b9f7e923dc7d480373b563264ae20171.jpg,Bad UX
screenshots/aljazeera_com_png.rf.5d4c2315fcacea073c3ea8b73211f79b.jpg,Good UX
screenshots/aljazeera_net_png.rf.beee2ae2ea745999ac6f1a7cfc3ef302.jpg,Good UX
screenshots/allaboutcookies_org_png.rf.965824931d44af3c7bdedd4dae4e7281.jpg,Bad UX
screenshots/alternativeto_net_png.rf.a73a74a190174f7d3af5fda1819d94b7.jpg,Bad UX
screenshots/amazon_com_au_png.rf.69ce311004b132ee3ac8f89dc4e1deca.jpg,Bad UX
screenshots/amazon_com_br_png.rf.3d024431043f28ff3b2e626309068fc0.jpg,Good UX
screenshots/amazon_com_png.rf.0oB8qzojBS2Tklffo69l.jpg,Good UX
screenshots/amazon_co_jp_png.rf.6d67075d5ff164970352ae8637a12185.jpg,Bad UX
screenshots/amazon_co_uk_png.rf.7fca1de7688ea39e76e2a0e125daef48.jpg,Good UX
screenshots/amazon_de_png.rf.1zX4360mTJS9Bdv8O8E9.jpg,Bad UX
screenshots/amazon_fr_png.rf.00cc3e66a2844e7baffcdb243eba180e.jpg,Bad UX
screenshots/amazon_in_png.rf.1d3816fdf33679a815e4786bf770e352.jpg,Good UX
screenshots/ameblo_jp_png.rf.039c0c7145031ed7320ff07934cffd30.jpg,Bad UX
screenshots/americanexpress_com_png.rf.2fe2a05072bf595d1f9e7784162e5944.jpg,Good UX
screenshots/amnestyusa_org_png.rf.1c607b43bec92d61bd3e420f79e408d5.jpg,Good UX
screenshots/amzn_com_png.rf.6ce5ab3f65cc93037af32c1f140c9562.jpg,Good UX
screenshots/amzn_eu_png.rf.8cd374c73019e3f29c0a806a2bea5889.jpg,Bad UX
screenshots/amzn_to_png.rf.674cff386fb134a33771f6ec87664d8b.jpg,Good UX
screenshots/analytics_blogspot_com_png.rf.898b8bb25f49238f683c0e2b1c1713bf.jpg,Bad UX
screenshots/analytics_twitter_com_png.rf.d2yno4VTsjSEQetyN6uW.jpg,Good UX
screenshots/ancestry_com_png.rf.fda1b449ba4c6c950c565061637c0da2.jpg,Good UX
screenshots/anchor_fm_png.rf.cc237cc277fe89f910b95dfcc0886dce.jpg,Good UX
screenshots/android_com_png.rf.be9d56dc5bd0898eee0f3535302ff920.jpg,Good UX
screenshots/apache_org_png.rf.e268762cb7a95e83b4f3b04d46a62b03.jpg,Bad UX
screenshots/aparat_com_png.rf.d330c60299cbe82d5acd051b5beb18ce.jpg,Bad UX
screenshots/apa_org_png.rf.f2167766ef2bd0e2e0f3f3315e08f726.jpg,Good UX
screenshots/appleinsider_com_png.rf.26863df9fe79a5951137f2f0bc0701ff.jpg,Good UX
screenshots/apple_com_png.rf.0abfe75df72c604c4657b06e19c02edc.jpg,Bad UX
screenshots/apple_co_png.rf.86784d4fa68eb03bae312947e8f7dc99.jpg,Bad UX
screenshots/apps_apple_com_png.rf.41fd3b856ebde1afcccbd2054d568017.jpg,Good UX
screenshots/apsense_com_png.rf.79720c6b6826b5468a8f0ac47c1d8809.jpg,Bad UX
screenshots/archive_org_png.rf.4ec10709a9fa4fd613ba26cca033ac28.jpg,Good UX
screenshots/arduino_cc_png.rf.97b3e80f6c53cccfdd644a458fc7e676.jpg,Good UX
screenshots/arte_tv_png.rf.0afhwszUXQQYREWAU22N.jpg,Bad UX
screenshots/articles_latimes_com_png.rf.da78f6ff911d2748e8da1acb18944a67.jpg,Good UX
screenshots/artstation_com_png.rf.00e9b1b2a87351418ec7b46deb925259.jpg,Bad UX
screenshots/arxiv_org_png.rf.bb8a3c27800e40cfebdce63106afbcc7.jpg,Bad UX
screenshots/asahi_com_png.rf.0R8RfCdnp18qQDCRJhGu.jpg,Bad UX
screenshots/ask_fm_png.rf.2d8f3597a862ace1c12c194d9c59cb29.jpg,Good UX
screenshots/atom_io_png.rf.2c788e8f36254c812f14ba8ca6cc6686.jpg,Bad UX
screenshots/attachment_78737703.jpg,Bad UX
screenshots/audible_com_png.rf.3d0ce3a64c0d0c021cb72e3420c15f02.jpg,Good UX
screenshots/autodesk_com_png.rf.ec6b31b4736eac9b034e2cc57bd00fe9.jpg,Bad UX
screenshots/automattic_com_png.rf.9da30c3654db340022ad60c682b9a091.jpg,Bad UX
screenshots/avg_com_png.rf.dc6a3e6b503b5d7f18ef64b4c5d87983.jpg,Good UX
screenshots/aviasales_ru_png.rf.de2ea194534d4b154805ddfe474e3008.jpg,Good UX
screenshots/aweber_com_png.rf.de467dd7129b0cf093b165f2e2c150a2.jpg,Good UX
screenshots/azure_microsoft_com_png.rf.0URgNwurE4ANOxZA9oRL.jpg,Bad UX
screenshots/a_co_png.rf.ee1872c1b2d3f0f503c751ceed58cac6.jpg,Good UX
screenshots/b1a56cb35c5934d691de8957107eb4a8.jpg,Bad UX
screenshots/b25aa93daf0fb08a61d0c9a0ec9a34c8.jpg,Bad UX
screenshots/b27c39b82157858a966dc032aba9a959.jpg,Bad UX
screenshots/b41824fb4dd9e99f4521cd9858e5549d.jpg,Bad UX
screenshots/b5047b3acd3ebe33aafad5a9f0712562.jpg,Bad UX
screenshots/b6ba04634dca3b26f02a1935bf4f3925.jpg,Bad UX
screenshots/b7210666e0e363df6eacebbc1f0b1e95.jpg,Bad UX
screenshots/b8a763282c471f1aad991dfceb23a4b5 (1).jpg,Bad UX
screenshots/ba56b616cdaa6fed3cbca5c31a7fd54b.jpg,Bad UX
screenshots/ba8622b936503da94eb02c23227db206.jpg,Bad UX
screenshots/ba87c7c5c7734f6c782690641586dea8.jpg,Bad UX
screenshots/backblaze_com_png.rf.663f80a6e3d630603426ee8b5b0d304c.jpg,Bad UX
screenshots/bandcamp_com_png.rf.61ca5e077b1b92d2f288c188da9b0d4a.jpg,Bad UX
screenshots/bangordailynews_com_png.rf.71a2026d028805acb494f816f0d77c2f.jpg,Bad UX
screenshots/barnesandnoble_com_png.rf.9f298559eda12d9cff9707d3e4c4df17.jpg,Bad UX
screenshots/bba533f0ebecc2a995ec2aec203a530b.jpg,Bad UX
screenshots/bbcamerica_com_png.rf.391db9c0faa91c4f132d95272782b0be.jpg,Good UX
screenshots/bcd8099efc7b2feab52262007f7b8b17.jpg,Bad UX
screenshots/bce3f7f868c29e58f6b3d75a3fd4457b.jpg,Bad UX
screenshots/bd1eed5456339e5b1067c45a3c768868.jpg,Bad UX
screenshots/be67c6892b378d22288a2b51d29662df.jpg,Bad UX
screenshots/bec34ce7731decd3ab71eae286b904a6.jpg,Good UX
screenshots/behance_net_png.rf.cc0533314bf2c41c4504e63f4516ce36.jpg,Good UX
screenshots/berkeley_edu_png.rf.30W2fWMWiVi8yVxL2qK8.jpg,Good UX
screenshots/bezspravki_mosgorcredit_ru_png.rf.91c9d0b8e7035f7bd9a7f5e9c66a7b4a.jpg,Bad UX
screenshots/bf5cfa464348946c40aa82f78415b6f0.jpg,Bad UX
screenshots/bhf_org_uk_png.rf.493366835b7519f9ca3e645eb3d2c2fc.jpg,Good UX
screenshots/biblegateway_com_png.rf.81d254045a7c08e2b300a72dc795fdd0.jpg,Bad UX
screenshots/billboard_com_png.rf.44d2b9c12d6c6dc024907cc1174371f9.jpg,Good UX
screenshots/bing_com_png.rf.e3f668104402778e2cb846a123466840.jpg,Bad UX
screenshots/bitbucket_org_png.rf.22b1b044a1065ee6ad0d9d98f3a0a189.jpg,Bad UX
screenshots/bitmex_com_png.rf.dda5aea6b0fecb710fa602201cd42e9e.jpg,Good UX
screenshots/bitpay_com_png.rf.0e1dd45147e6b7daa0147d360421d3f9.jpg,Bad UX
screenshots/bits_blogs_nytimes_com_png.rf.7878f849e4bfe5c2c34d746791e0504c.jpg,Bad UX
screenshots/bit_do_png.rf.0142de51be2009e406dd2f0dcd213816.jpg,Bad UX
screenshots/bleacherreport_com_png.rf.631d0acd74c1a90b9b67bef36ced659e.jpg,Good UX
screenshots/blender_org_png.rf.50996a628b3d166b238a28221bf63a95.jpg,Bad UX
screenshots/blockchain_info_png.rf.87b87d06cfa9dc16e24763ae4ead82a9.jpg,Bad UX
screenshots/bloglovin_com_png.rf.715fb94220840aa31a4a1e9ad8b214d0.jpg,Good UX
screenshots/blogs_wsj_com_png.rf.8a6ce8a48e7684c819ead460c0959929.jpg,Bad UX
screenshots/blogs_yahoo_co_jp_png.rf.09ebed118b0c696da324081602e7746d.jpg,Bad UX
screenshots/blogtalkradio_com_png.rf.7aec2aa0b073fa3dfe9cbb3dce4b1350.jpg,Good UX
screenshots/blog_goo_ne_jp_png.rf.297c6fa96fb60137e777c56c77b7351e.jpg,Bad UX
screenshots/blog_hubspot_com_png.rf.d8b0925df378d49dee6f557bdf4cdce1.jpg,Bad UX
screenshots/blog_livedoor_jp_png.rf.36713b34cf84368aeaf5ad81e372c6df.jpg,Good UX
screenshots/blog_sina_com_cn_png.rf.89fc2cf1b5930ce4956d7463e18f8c11.jpg,Bad UX
screenshots/bls_gov_png.rf.65db29f065a86374c0417868392c22d0.jpg,Bad UX
screenshots/bluehost_com_png.rf.a023ad6e273617873e04e81d59a07247.jpg,Good UX
screenshots/blurb_com_png.rf.802e5179e0af81f2a8cc3a03bfb7848a.jpg,Bad UX
screenshots/bl_uk_png.rf.e2e18de182af83ec59514d31668541c4.jpg,Bad UX
screenshots/bmj_com_png.rf.5c997c40534f7edb4b126b2e289b19dc.jpg,Bad UX
screenshots/boardgamegeek_com_png.rf.6a639f31e20e6d5d2e77281ede18e230.jpg,Good UX
screenshots/boeing_com_png.rf.7a5005fceac4341b0e02ec43a8e57503.jpg,Good UX
screenshots/bom_to_png.rf.0WZ99NNOtvbZMbPjDCNa.jpg,Good UX
screenshots/bonanza_com_png.rf.65169710324150871f1fc14c3508d95e.jpg,Good UX
screenshots/booking_com_png.rf.a51bf5ac61f620526656f630be521a50.jpg,Bad UX
screenshots/boredpanda_com_png.rf.a2a9031d8017257c935ea76a04db5aed.jpg,Bad UX
screenshots/box_com_png.rf.433843fd911ef1bf0377c92c1b20997b.jpg,Bad UX
screenshots/box_net_png.rf.8f447006626ea20493aa573cf444e2a9.jpg,Bad UX
screenshots/breitbart_com_png.rf.a17db98863ee98265499cfa68eb1069e.jpg,Good UX
screenshots/broadwayworld_com_png.rf.1YnAugyQejZWrM37rgfl.jpg,Good UX
screenshots/businessinsider_com_png.rf.37bd74584aa29ae623894f96972f8147.jpg,Good UX
screenshots/business_com_png.rf.0272628bb207298b4426765483a2fab2.jpg,Good UX
screenshots/business_facebook_com_png.rf.86c9d9d792370ea67a31c0caaf223a13.jpg,Good UX
screenshots/business_google_com_png.rf.04e1f76da88c58cc0a1141d9fa1dda96.jpg,Good UX
screenshots/business_linkedin_com_png.rf.1fd0bf95a0553c9c6c7accac65072d66.jpg,Good UX
screenshots/buymeacoffee_com_png.rf.0vBkaAYTkLI6YlTz5Gqu.jpg,Bad UX
screenshots/buzzfeed_com_png.rf.764f3c0e9742ab7f18bc3229af22b60f.jpg,Bad UX
screenshots/buzzsprout_com_png.rf.874b33fad4fb6e9cc7db1b3ca3fc3e1a.jpg,Good UX
screenshots/c0c10cd778d18f1ee1ccb2887b8e6baf.jpg,Good UX
screenshots/c16b243065bcf8928a15d4d84f907f8e.jpg,Good UX
screenshots/c20f0beec13cf395e8e91e01d2081bf0.jpg,Bad UX
screenshots/c2792a8551c792079ed45fce8b806347.jpg,Bad UX
screenshots/c4d7a7f325bd39f27e8d6a0a52191772.jpg,Bad UX
screenshots/c8c821ea16269f34700084d7a215280c.jpg,Bad UX
screenshots/c96577d7e7f7c86b19f8e1140f10fd94.jpg,Bad UX
screenshots/c9b7c1b6fa004385ca73d94795cf0da8.jpg,Good UX
screenshots/caa55e26890a3ceec23319e9a2bc482f.jpg,Bad UX
screenshots/cafepress_com_png.rf.49c4509094c5402d491cbff9b361eb55.jpg,Good UX
screenshots/cafe_daum_net_png.rf.8155959c88ec0f66cff76bc0e40e6646.jpg,Bad UX
screenshots/calameo_com_png.rf.510fc956c3008b084f80836e0d7a3516.jpg,Good UX
screenshots/calendar_google_com_png.rf.6KjEa8T5655jOfBhpaVi.jpg,Bad UX
screenshots/callofduty_com_png.rf.20624b81e6fc4bc772b1586bc6e93199.jpg,Good UX
screenshots/cambridge_org_png.rf.721055341c2e6717231839b38269cae3.jpg,Good UX
screenshots/canada_ca_png.rf.7792b39baba3f2e47a046cf9faaadf0a.jpg,Bad UX
screenshots/cancerresearchuk_org_png.rf.b29165dbbde0da35f4a146c632c627f8.jpg,Good UX
screenshots/caniuse_com_png.rf.29289fa2fb12eec6fc3234617be45804.jpg,Bad UX
screenshots/capterra_com_png.rf.8F8rQS6uSssFz3pWvNlm.jpg,Bad UX
screenshots/care2_com_png.rf.67dcb3b58f8635af8fa615e540c70b3c.jpg,Good UX
screenshots/cb338a9e512eb7df92e1a80e633a8548.jpg,Good UX
screenshots/cbc8dd1990c3434cc3900b719a1ad060.jpg,Good UX
screenshots/cbsnews_com_png.rf.c3265d67f6cfa00dd2b2d37b0bcf24d8.jpg,Good UX
screenshots/cc544b19fd1b9d86059f1eae8bb3f2ef.jpg,Bad UX
screenshots/cc955d9643cae63203fc09ae2a1e3507.jpg,Bad UX
screenshots/ccdced010facce2283af0268979dbf27.jpg,Bad UX
screenshots/ccf9b02da13c4478bd64e5898f6d3495.jpg,Bad UX
screenshots/ccpgames_com_png.rf.5fd8f69178ab44b1e587fc335d949306.jpg,Bad UX
screenshots/cc_com_png.rf.d674e418cd79d118b6e567ff13f54416.jpg,Good UX
screenshots/cd062be043e54227a63210372e521246.jpg,Bad UX
screenshots/cd1de8c2929843fa4650781a9671f800.jpg,Good UX
screenshots/cdbaby_com_png.rf.efd6fcbcfac0c65a3f774901f51d2be0.jpg,Good UX
screenshots/cdbf8c212b6343a648d799f66d3aa1a3.jpg,Bad UX
screenshots/cdc_gov_png.rf.12a558027c00fac732c140bee2907fd0.jpg,Good UX
screenshots/cdnjs_cloudflare_com_png.rf.22236fb6a2fd7eb235067efeef0c20a9.jpg,Bad UX
screenshots/cdn_jsdelivr_net_png.rf.3d14343c95129d56f9234ce85e2167cd.jpg,Bad UX
screenshots/ce93e22e5e055a2d6227c19a133e5a32.jpg,Good UX
screenshots/CEDRIC_ARNOLD_CANON_x2.jpg,Good UX
screenshots/cell_com_png.rf.c5e6e7ddaa691070a2ca652d3879f232.jpg,Good UX
screenshots/ceneo_pl_png.rf.29ac1b0660a59e42658603a3fb47bd84.jpg,Good UX
screenshots/central_wordcamp_org_png.rf.dtn4gomYyDTsMk2Nq1px.jpg,Bad UX
screenshots/cff69927668381c99469ce748569f71b.jpg,Bad UX
screenshots/change_org_png.rf.0SmF3d3MtfYiNwa9xYs6.jpg,Good UX
screenshots/channel4_com_png.rf.07daa9e5d5ac7cb88d1cea61021a09b3.jpg,Bad UX
screenshots/channel9_msdn_com_png.rf.0a87839e8f8e94d0b0e1148fc8ccf13d.jpg,Good UX
screenshots/chat_whatsapp_com_png.rf.dd54dba84eff911601d3927c91ba0935.jpg,Bad UX
screenshots/checkpoint_com_png.rf.21484d09a193779531889c0c6214abeb.jpg,Bad UX
screenshots/chess_com_png.rf.44c172e6ec2a5594ec3af7ccddbc1be0.jpg,Good UX
screenshots/chrome-android-material-makeover.jpg,Bad UX
screenshots/chrome_google_com_png.rf.2a1f1aba8ef7463964d0cf39535440df.jpg,Bad UX
screenshots/chromium_org_png.rf.6ee5194e800992dc21107f64e4001a3c.jpg,Bad UX
screenshots/chron_com_png.rf.cccce50b922501ebaaac920d6c701d70.jpg,Good UX
screenshots/cia_gov_png.rf.a7d704694f34402a5bfe6d661d9aa8e3.jpg,Bad UX
screenshots/citeseerx_ist_psu_edu_png.rf.705fb360402962931488a99c5439b8ae.jpg,Bad UX
screenshots/citylab_com_png.rf.3089832e19a0307bac745c5efb050643.jpg,Good UX
screenshots/class_ruten_com_tw_png.rf.03bcad3343f85f256461b54681442362.jpg,Good UX
screenshots/clickondetroit_com_png.rf.9wX6A0KGb7OUGrQVXHdO.jpg,Good UX
screenshots/clker_com_png.rf.5f14d1afe38d7d9a69ddeea9e7e68c69.jpg,Good UX
screenshots/cloudflare_com_png.rf.0O1GnVdlQGUUXewi1cOI.jpg,Good UX
screenshots/cloudways_com_png.rf.8jBOis98NEqjoyFYkiq4.jpg,Good UX
screenshots/cl_ly_png.rf.f3e9ad730c29f71bb162f3c1e91db8a0.jpg,Good UX
screenshots/cnet_com_png.rf.3f15bcdddff68acaa20dedfc9613c7ab.jpg,Good UX
screenshots/cnn_com_png.rf.6ff854b9134406830a4c9e5b2957c152.jpg,Bad UX
screenshots/codecademy_com_png.rf.048f205d2fd55af9a33acba1d09d536a.jpg,Good UX
screenshots/code_google_com_png.rf.aedbbe9acfa39b648d9686572b0fd366.jpg,Bad UX
screenshots/code_visualstudio_com_png.rf.acafe1281e971715528383858c63b8db.jpg,Bad UX
screenshots/coinbase_com_png.rf.475f48c424a1199e6abf83c29f200e1e.jpg,Good UX
screenshots/coindesk_com_png.rf.c859c7a8302cea350a02a35b5e66e57c.jpg,Bad UX
screenshots/collegehumor_com_png.rf.69d5b044db2056999709fd09cd7bff71.jpg,Bad UX
screenshots/commons_wikimedia_org_png.rf.19deed128a50c4707d30c3c7a0ea2c7a.jpg,Bad UX
screenshots/consumer_ftc_gov_png.rf.34a80a70d3837cbaba572ae6d53c42a0.jpg,Good UX
screenshots/copyright_gov_png.rf.556ae18680751c8230eca7cc7c7202aa.jpg,Bad UX
screenshots/core_telegram_org_png.rf.5f361c5599436978e55589c654d2311a.jpg,Bad UX
screenshots/corriere_it_png.rf.123b19c7a3ae9a8a606900def45cb549.jpg,Bad UX
screenshots/coschedule_com_png.rf.06f4ebeb78604cabc5eca8796f4c50c7.jpg,Bad UX
screenshots/cosmopolitan_com_png.rf.dcc08638fb0d8a0d2b3f9a662814f12e.jpg,Good UX
screenshots/creativebloq_com_png.rf.037c96efae1ca296ebdcd79d9ee68e7c.jpg,Bad UX
screenshots/creativemarket_com_png.rf.d026e0d089362415b9b91b39585bf2b6.jpg,Bad UX
screenshots/credit_mosgorcredit_ru_png.rf.66d803ef0dacaf758cfe2c02d80a00bf.jpg,Bad UX
screenshots/crowdrise_com_png.rf.292ac1866fd0e3051c87dbdc6b93e8b3.jpg,Good UX
screenshots/crunchyroll_com_png.rf.bdf614c626e371b6c17e66c4fdaf9f96.jpg,Good UX
screenshots/csrc_nist_gov_png.rf.4RIddyX4iqp9TJ0jWupv.jpg,Bad UX
screenshots/cs_toronto_edu_png.rf.76a5115ff9d3049fe4002c195f767f75.jpg,Good UX
screenshots/ctt_ac_png.rf.9b3a75331f777bc655ab18ddd9ad3c15.jpg,Good UX
screenshots/customer-support1.jpg,Bad UX
screenshots/d05a30471ce00c949f68da76bcb80050.jpg,Bad UX
screenshots/d07d4508bad2216ece039efa199d8204.jpg,Bad UX
screenshots/d0d3d23f0be2180cd6985061841253bf.jpg,Good UX
screenshots/d15fd332afc64be0303016eda1480ab7.jpg,Bad UX
screenshots/d1be7379c2c1b51dd79724d55afe51a4.jpg,Bad UX
screenshots/d1cba49717aa292346953ef184e8a4e8.jpg,Bad UX
screenshots/d314e03dfa54d0e1388852d7f82f3712.jpg,Bad UX
screenshots/d3571f07396a48c80784946d58f4804e.jpg,Bad UX
screenshots/d3b8357bd865ea023bd4442caa032d68.jpg,Bad UX
screenshots/d50f74109c23341504804c972ac4427f.jpg,Bad UX
screenshots/d55mu7w-b5821450-5e76-444e-a0bd-c16e4805a305.png,Good UX
screenshots/d75f8518c231a1ce2613a91d15f6163c.jpg,Bad UX
screenshots/d82os9c-ad475ded-3f35-4e38-acdf-a7798fe33be0.jpg,Bad UX
screenshots/d8478d1800bb4473c719f5d6a180b797.jpg,Bad UX
screenshots/d8bd36a5d1a3b6bf744d2a3541726ef9.jpg,Bad UX
screenshots/d92d7adad5aafd97f754ffc32babef24.jpg,Bad UX
screenshots/dabbf286f79f7b1a0fa13b46ba1232da.jpg,Bad UX
screenshots/dafont_com_png.rf.9bb0791f9105e5ccc735f57d303483da.jpg,Bad UX
screenshots/dailyfx_com_png.rf.ed06d093e9be3381c47f24e0553f4fc4.jpg,Bad UX
screenshots/dailymotion_com_png.rf.4A994ex3YfvKmg2XsDHa.jpg,Bad UX
screenshots/dashlane_com_png.rf.6b4cd3e6be1e04be14d2eaba98833c11.jpg,Good UX
screenshots/dba3a654e582da67c08c64d3f5805295 (1).jpg,Bad UX
screenshots/dbe85c7dc870f1cc66418fbad19966ef.jpg,Bad UX
screenshots/dc21dd221059716159cdc1c7da18dcee.jpg,Bad UX
screenshots/dc3255e80c9fcea1605c7839e523920e.jpg,Bad UX
screenshots/dc5972464c054005bc348a250b9da174 (1).jpg,Bad UX
screenshots/de-de_facebook_com_png.rf.4c547ca2596fb42ac8a73b941a1d4067.jpg,Bad UX
screenshots/de2ccda718a643c882f38b3d4c4c9ffd.jpg,Good UX
screenshots/deezer_com_png.rf.2c8571678958e71a9a92512f787a14b5.jpg,Good UX
screenshots/dell_com_png.rf.144418a753b5dd2bee41c8ddcf35fe9a.jpg,Good UX
screenshots/denverpost_com_png.rf.62b40cbfdc1ac0f8ec27c6f53ef6de3c.jpg,Bad UX
screenshots/developers_facebook_com_png.rf.c0fa89efb9aa8a4a4dffb36d659cdbff.jpg,Good UX
screenshots/developers_google_com_png.rf.653a7b02e5931b42961fdb45fdb7fa35.jpg,Good UX
screenshots/developer_android_com_png.rf.d8e66daf35b4f4ef6e648a86d6042307.jpg,Good UX
screenshots/developer_apple_com_png.rf.9648ae0c22ab66303fcd99ce434760a5.jpg,Bad UX
screenshots/developer_chrome_com_png.rf.ed6f714143c4c242d1dd57eb46b20f7a.jpg,Bad UX
screenshots/developer_mozilla_org_png.rf.735e662bb84cd8c6bce09416f2b544d9.jpg,Bad UX
screenshots/deviantart_com_png.rf.ae70b1f00d3201d201907fe27117838e.jpg,Good UX
screenshots/devpost_com_png.rf.7b3b0a6071afbcadc34bc672147170fa.jpg,Bad UX
screenshots/de_linkedin_com_png.rf.bdf0003cd00968c402cc7b5a54880703.jpg,Good UX
screenshots/de_wikipedia_org_png.rf.0o1lVbU61I7DaoDDxkxR.jpg,Bad UX
screenshots/dff97f7a67e99392c5f6d49c21cac177.jpg,Bad UX
screenshots/dhs_gov_png.rf.5c2ccf0a860907a49079a95d7280fee0.jpg,Bad UX
screenshots/dictionary_cambridge_org_png.rf.c9338f0cf1edc06444fcdbeeab4d0dfd.jpg,Good UX
screenshots/dictionary_com_png.rf.0786d6a5d992a281d84b60fca5abc6be.jpg,Good UX
screenshots/dictionary_reference_com_png.rf.5ea2226bf3d832fcf6c39dd6efb99874.jpg,Good UX
screenshots/digg_com_png.rf.d48faed749cca8e5f523132fccd8e744.jpg,Good UX
screenshots/digitalocean_com_png.rf.84171ba53b4e3292521f4fbd6af6ed6e.jpg,Good UX
screenshots/diigo_com_png.rf.A2GbRxsEteX9dFn5o6fo.jpg,Good UX
screenshots/discordapp_com_png.rf.95f0fd95e9b1c4cfb8f431b0833dacc6.jpg,Good UX
screenshots/discord_gg_png.rf.f03d5df60becf9b923ec1fc14ea8df92.jpg,Good UX
screenshots/discord_me_png.rf.6LBSVSHQzP6VfdXc8ptB.jpg,Good UX
screenshots/docker_com_png.rf.4qGIwn8OFM6fLGdDZY7Q.jpg,Good UX
screenshots/docs_python_org_png.rf.12f48b7e040d768e436e8ea5eb23944d.jpg,Bad UX
screenshots/doctorswithoutborders_org_png.rf.8f46ea6ba84a8174b05c3869e9a2ec7f.jpg,Good UX
screenshots/doi_org_png.rf.7b14c9b2880c46c085ae04140efeceec.jpg,Bad UX
screenshots/doodle_com_png.rf.7a780d7fab4786a1e7e9e8da5133b2c3.jpg,Bad UX
screenshots/download_microsoft_com_png.rf.6fd48b82323c98b220130adfad9477b6.jpg,Good UX
screenshots/draugiem_lv_png.rf.1bc54375225f9d9b77536e3f4abdff96.jpg,Good UX
screenshots/dreamstime_com_png.rf.033404e69df88635c84d5ff038170ca8.jpg,Good UX
screenshots/dribbble_com_png.rf.4t7KSzbZEyIlyrQ2PZik.jpg,Bad UX
screenshots/drive_google_com_png.rf.b02abbfab4b54e721d301974b6eeb3f0.jpg,Bad UX
screenshots/drupal_org_png.rf.4vEExnujwhjaJuTtJSm5.jpg,Bad UX
screenshots/duckduckgo_com_png.rf.87ba83b8d3a6c7eb1589546eab1e875f.jpg,Bad UX
screenshots/dummies_com_png.rf.69f11e6227f59bbf4ed561973ef254c0.jpg,Good UX
screenshots/dw_com_png.rf.549fd6a75f1cd5aeab75e8a2099cfe48.jpg,Bad UX
screenshots/dx_doi_org_png.rf.6a04f2aa7647a4bcecc08e93b25b90a3.jpg,Bad UX
screenshots/e01f4498c5ec218e42e3a87731e14626.jpg,Good UX
screenshots/e0bf1bc0e350ddfefc224b6a5836fa2f.jpg,Bad UX
screenshots/e149afa9bb44e86d50cd4bd3ca84d5eb.jpg,Good UX
screenshots/e18c1de1deb96621e6678552484fc3b5.jpg,Good UX
screenshots/e19f501230033cbcd36b25a782aa88c8.jpg,Good UX
screenshots/e283dcb99a9fbd78b33d3e370748423b.jpg,Bad UX
screenshots/e2dfdf544628affa783ea75d5a22bc1d.jpg,Bad UX
screenshots/e346c65b3d5fa851f780d3290715e89e.jpg,Bad UX
screenshots/e3619f3ce7e12650f3b1978130d0b777.jpg,Bad UX
screenshots/e57a557c4da7bc4c2c94d6ba53e7b313.jpg,Bad UX
screenshots/e5c12fd7a52c765d800b4e646643a31b.jpg,Bad UX
screenshots/e6b4000efc47891d9ff744a77ab1d935.jpg,Bad UX
screenshots/e7aa957c01035748460578333b2844ca.jpg,Bad UX
screenshots/e7d4768c44659237eed1039a0b8b2efd.jpg,Bad UX
screenshots/e8a74f9ab346d398473ad82817af68da.jpg,Bad UX
screenshots/e8fe034036ed01fa53334a8b79aa783b.jpg,Bad UX
screenshots/e9b06f6d07000182d0f82a45b8ec5cdb.jpg,Bad UX
screenshots/e9f0128ec09305eced4a992f8a0da12c.jpg,Good UX
screenshots/eab7517310b5ad95a36d7e642ec16950.jpg,Bad UX
screenshots/eaef15068787c63e70548049282be081.jpg,Bad UX
screenshots/earth_google_com_png.rf.93b8ba592d8f6306efb205682b7cfe93.jpg,Bad UX
screenshots/ebay_com_png.rf.b91014f80f536081f8fe866cb94f0174.jpg,Good UX
screenshots/ebay_co_uk_png.rf.55c67bfc4d740fcdf4f661222c294c67.jpg,Bad UX
screenshots/ebay_de_png.rf.6f16155200a888f57e3828316dfa11f3.jpg,Bad UX
screenshots/ec5776b81f16afcd95f202d43b14c51c.jpg,Bad UX
screenshots/ec7e5e9bf483c4799ee7cd2dcfeb55bb.jpg,Bad UX
screenshots/ecfr_gov_png.rf.2f37a71dc73030063d5046a8ff09709e.jpg,Bad UX
screenshots/economist_com_png.rf.85c71701b1e3b8a9d2b97ae911ca435d.jpg,Good UX
screenshots/ec_europa_eu_png.rf.18a4fc12a18e99747a5c84bf390f7a16.jpg,Good UX
screenshots/edition_cnn_com_png.rf.196fcb5120b36a1f60eeaebd1694cd84.jpg,Bad UX
screenshots/educationboardresults_gov_bd_png.rf.447b248f9b5215d9d1394e1d620826ba.jpg,Good UX
screenshots/eea98047833adc534961aeb926758c0a.jpg,Good UX
screenshots/eepurl_com_png.rf.2e354c250005f140f1401a6cd6e0fd09.jpg,Bad UX
screenshots/ef58ef866b0a89d7c2bca6d1e2e0015c.jpg,Bad UX
screenshots/efb346e22f9248ae9a0febc8a0861d2b.jpg,Bad UX
screenshots/elance_com_png.rf.56347148971d9e8d88fe09ecc3320bde.jpg,Bad UX
screenshots/electronic-payment-systems7-l.jpg,Good UX
screenshots/elitedaily_com_png.rf.a1ef3c40aaf23c99a1d161c96186d204.jpg,Bad UX
screenshots/ello_co_png.rf.901772d3e922349f117ab3b3d55e1fe5.jpg,Good UX
screenshots/elpais_com_png.rf.5af51027915ac8b19dda04aa6601de4f.jpg,Good UX
screenshots/elsevier_com_png.rf.44ecef5d28ddb3122ec5670d186f00aa.jpg,Bad UX
screenshots/engadget_com_png.rf.60f86f7d7eb0e2d77a65760f1055d0b9.jpg,Good UX
screenshots/en_blog_wordpress_com_png.rf.d8d2bb36d135d4e4835423ae5699996d.jpg,Bad UX
screenshots/en_m_wikipedia_org_png.rf.5d9648459f6a25558c8b59ca139e8b80.jpg,Bad UX
screenshots/en_wikipedia_org_png.rf.fe825dcd77650c5b28de9a4b5eedb378.jpg,Bad UX
screenshots/epa_gov_png.rf.ce5ceac33ed5285ae9ed7a8ab1fc685f.jpg,Bad UX
screenshots/eplus_jp_png.rf.ea64585ac7dd115d076c931640d91b3b.jpg,Bad UX
screenshots/esa_int_png.rf.12a7e8f10b4da46d256f072fddbe1227.jpg,Good UX
screenshots/espn_com_png.rf.f52d4efd0387a10933e0f58e0c3645b2.jpg,Bad UX
screenshots/esri_com_png.rf.c7795e9b77bd2f732a64a009f64a48c9.jpg,Bad UX
screenshots/es_wikipedia_org_png.rf.4wMbFbOYnOD3IsHb9ZTO.jpg,Bad UX
screenshots/es_wordpress_org_png.rf.13d93f0d0646d1f3817adaa27358f518.jpg,Good UX
screenshots/etherscan_io_png.rf.ce81ede3e2ce0c31d16dd4eae35774f2.jpg,Bad UX
screenshots/etsy_com_png.rf.514958691bf494cb4773422e62d6ea41.jpg,Bad UX
screenshots/etymonline_com_png.rf.5aCyAcqd2d6gcxc9SK18.jpg,Bad UX
screenshots/evenea_pl_png.rf.36b549504953542de63dfa3092846013.jpg,Good UX
screenshots/eventbrite_com_png.rf.7178f8b44a2c08ae4693697eb2a32c44.jpg,Bad UX
screenshots/eventim_de_png.rf.c67d7559f2a8cf9f7e5d5e45c1d22a22.jpg,Bad UX
screenshots/evernote_com_png.rf.38680e1f4cc9d360b2b3eae2e51b4a62.jpg,Good UX
screenshots/expedia_com_png.rf.2e88c553c6c714c424c89dd8ea18483d.jpg,Good UX
screenshots/experian_com_png.rf.43aafb9abe61ab5a2566de0cc3d6ca1f.jpg,Bad UX
screenshots/explorestlouis_com_png.rf.1c0e6d16676d90aadd0ebaee979e5ab8.jpg,Good UX
screenshots/express_co_uk_png.rf.63b3b2d2ad77a593f02b28ead7a947e8.jpg,Bad UX
screenshots/ey_com_png.rf.04f834232a0eb6c6ce2b25466c5fbb48.jpg,Bad UX
screenshots/ezinearticles_com_png.rf.f997b6a7c47506a2952a1d82edd279ac.jpg,Bad UX
screenshots/f06f997c925d2ffe9ea41873475f3e16.jpg,Bad UX
screenshots/f0d89c02d5b65cd4e012961e882ee8ed.jpg,Bad UX
screenshots/f15b1bdf7d85729debc78fdc47c391cd.jpg,Bad UX
screenshots/f17efc1fee55ba3667f446501a595f16.jpg,Bad UX
screenshots/f21fc3cf87ed76868253004cf5e342f4.jpg,Bad UX
screenshots/f26cb654cac59c2d96e3be43121a789d.jpg,Bad UX
screenshots/f295f2cffcd804f426abbb794d315cd6.jpg,Bad UX
screenshots/f3287c9381aa1ab1b12d559c53408667.jpg,Bad UX
screenshots/f43a51482b044dffc20fc6f68e932e6b.jpg,Bad UX
screenshots/f4493cad10b503554a374cf982bff746.jpg,Bad UX
screenshots/f6ff13b96e2540d3409464056395cc3e.jpg,Bad UX
screenshots/f83b1f42f63d4caa5400d2c7532d5169.jpg,Bad UX
screenshots/f9272def44e04deb3c2776c5943d8fdd.jpg,Bad UX
screenshots/fa4faa4cc92a5940210d35174a6f52cc.jpg,Good UX
screenshots/facebook_github_io_png.rf.b944949fdeb173a4502b4000bb401dce.jpg,Good UX
screenshots/fairuse_stanford_edu_png.rf.120b69f262d386771c630bd1737d2767.jpg,Bad UX
screenshots/fastcompany_com_png.rf.18I8owzuDml3WgZVX8vY.jpg,Bad UX
screenshots/fas_org_png.rf.1e2cad1cae4d216324d0e27885aa6364.jpg,Bad UX
screenshots/fb292b4689d34ae092c9b72363b503d6.jpg,Bad UX
screenshots/fc6ccbf8b61a13bf8170b0e9ecf814d1.jpg,Bad UX
screenshots/fc7d067f07f1076d5e5fb3464505b946.jpg,Bad UX
screenshots/fca2072572b77e8de18ffc75c29cd3f4.jpg,Bad UX
screenshots/fcc_gov_png.rf.a6876d639919601d5c37d015743c80b4.jpg,Bad UX
screenshots/fce6955b065be0afd6a7760301f269e5.jpg,Bad UX
screenshots/fdac5a63eb303aef6d851e8843b7facf.jpg,Good UX
screenshots/fe93de635650ff3b41b9cb8600725b97.jpg,Bad UX
screenshots/features-2.9affde696db9.png,Bad UX
screenshots/fedex_com_png.rf.1IWY39hnzgWGyZA8N4qT.jpg,Bad UX
screenshots/fedoraproject_org_png.rf.dbfbc50c209212997436fcdc0f28547c.jpg,Good UX
screenshots/feedburner_google_com_png.rf.6kozMoE7exBQUTIdfnK4.jpg,Bad UX
screenshots/feedly_com_png.rf.5b80e4250d151e6faacc1c68bca086ae.jpg,Good UX
screenshots/feeds_feedburner_com_png.rf.e1f21f5843feefe25ea8c14281d4bebb.jpg,Bad UX
screenshots/fffd0b8aaba6b27e532dbf70f6f8eabc.jpg,Good UX
screenshots/finance_yahoo_com_png.rf.ca8ae5dfd03b66734f2172a6b0a31f8b.jpg,Bad UX
screenshots/fineartamerica_com_png.rf.a0fa4ba4f678e08ad81905d86d86e8a3.jpg,Good UX
screenshots/firebase_com_png.rf.6c2500d51d4552239de0cd3ba3e3a700.jpg,Good UX
screenshots/fiverr_com_png.rf.f4c4d9e61cb46186f2f4e85e7f13a80d.jpg,Bad UX
screenshots/flaticon_com_png.rf.4be6cddc145bd8f5cef274f4780df141.jpg,Good UX
screenshots/flavors_me_png.rf.35eb053cdf59c5bb85c1466531836610.jpg,Bad UX
screenshots/flipkart_com_png.rf.745f4f8da3bc95facd932112e9ddec31.jpg,Good UX
screenshots/fonts_google_com_png.rf.438a8108b438b915a3090ae785e62035.jpg,Bad UX
screenshots/foodnetwork_com_png.rf.5faeb000a6eb5d384969a7cc4b189f33.jpg,Good UX
screenshots/fool_com_png.rf.fc0776e7ea5bd9f0999e09ef1cb69d78.jpg,Good UX
screenshots/fooplugins_com_png.rf.cd1eed3164e4bdb13c01de24ce9a0539.jpg,Good UX
screenshots/fortune_com_png.rf.3465c6b47b9864878719d2e9c7336471.jpg,Good UX
screenshots/forums_adobe_com_png.rf.1c451b92ee6b0c7eeb87478b5e426dc8.jpg,Bad UX
screenshots/forum_xda-developers_com_png.rf.00d6ce099ac81ed5846f08dad1e1e073.jpg,Bad UX
screenshots/foursquare_com_png.rf.a8c3af87961d6b1b7cf75309406148ed.jpg,Bad UX
screenshots/freecodecamp_org_png.rf.9d8d62268190cb54a0853cc2a89ffbec.jpg,Good UX
screenshots/freelancer_com_png.rf.5bdcff4a93843d4b32161aea63726668.jpg,Good UX
screenshots/freewebs_com_png.rf.3d98a913f8d699f4c87f09e9e75c85f2.jpg,Good UX
screenshots/freshbooks_com_png.rf.b5bf3c4d912ecd61dba7ac50f019a151.jpg,Bad UX
screenshots/fr_linkedin_com_png.rf.3r3j40R71C5LDJB30DdP.jpg,Good UX
screenshots/fr_wikipedia_org_png.rf.3c36972b63dc4e4eae534f711e8f9ebe.jpg,Bad UX
screenshots/ftc_gov_png.rf.1ae2875bceb2252af2248cd155f61d64.jpg,Good UX
screenshots/funnyordie_com_png.rf.CK2XLj9ifAMPCdYSEcbk.jpg,Good UX
screenshots/fusion_net_png.rf.0fPsz0ez97gvhGoKfxsa.jpg,Good UX
screenshots/g1_globo_com_png.rf.1d723c2914344b60fe0eec02923c67ba.jpg,Bad UX
screenshots/ga-dev-tools_appspot_com_png.rf.53b05eac43436ef3246e98311ab91886.jpg,Bad UX
screenshots/gallup_com_png.rf.585fe06f5a9d7d4f21e8d7c153690ac7.jpg,Good UX
screenshots/gdpr-info_eu_png.rf.52b01b85bbbdb85b7f7ef24fa6e9b572.jpg,Bad UX
screenshots/gears_offline_shot.jpg,Good UX
screenshots/geekwire_com_png.rf.83a63a373e0a8463f6ecf2a49a07a41f.jpg,Bad UX
screenshots/geocaching_com_png.rf.a9437044eeec669bdbfce635d2aba389.jpg,Good UX
screenshots/getcomposer_org_png.rf.1d0639158278ff5412bb877a8bde06ae.jpg,Good UX
screenshots/gettyimages_com_png.rf.610b56ac29ebef63a49866d68d5d0101.jpg,Bad UX
screenshots/ge_tt_png.rf.af805098aa68b02b7ec057570f7e6557.jpg,Bad UX
screenshots/gfycat_com_png.rf.2275c190bc1cdc9b1b9d24249476bac1.jpg,Good UX
screenshots/gimp_org_png.rf.d49b877fb515c1a9f6139b4e0f407e70.jpg,Good UX
screenshots/giphy_com_png.rf.ce124697a430fa00aad985241a7dd388.jpg,Good UX
screenshots/gist_github_com_png.rf.2e72d4dc5437741182f7f3dd154ef036.jpg,Bad UX
screenshots/git-scm_com_png.rf.0oxNqKEbbUo5EwVaUp8j.jpg,Bad UX
screenshots/gizmodo_com_png.rf.11a1c80a4320be83035aee68d3491185.jpg,Good UX
screenshots/glassdoor_com_png.rf.87Q5fq2CgXdnqm7Vc61V.jpg,Good UX
screenshots/gla_ac_uk_png.rf.0d7297e806ec85104609cb412a99a0d7.jpg,Good UX
screenshots/gmpg_org_png.rf.3ba8edee5676244d2414cdd131ddb2a0.jpg,Bad UX
screenshots/gnu_org_png.rf.74ff81e5966cebb131290d2818700088.jpg,Bad UX
screenshots/godaddy_com_png.rf.5KG30T4jAfGO2TuZeJao.jpg,Good UX
screenshots/gofundme_com_png.rf.Agbdcq6ScuRbMJkMVSO6.jpg,Good UX
screenshots/golang_org_png.rf.786b12c194d614507fd534b422941013.jpg,Good UX
screenshots/goodreads_com_png.rf.2cc8519eec3ae78668dcccb81bbc93c7.jpg,Good UX
screenshots/good_is_png.rf.13bf016a0353fbd65534a6d9de259930.jpg,Good UX
screenshots/googleblog_blogspot_com_png.rf.c6014dfb3d55f09c515d3f3e17061d9e.jpg,Good UX
screenshots/google_org_png.rf.7bf506e74fca7af00cb4ffdbd7f83c09.jpg,Bad UX
screenshots/goo_gl_png.rf.2f4dfcd84516121945d6aafd957ac46c.jpg,Bad UX
screenshots/gopro_com_png.rf.0ff9f210a39bbfaee97372562cb71daf.jpg,Good UX
screenshots/gov_uk_png.rf.e8aefeff38e5361871ce8d5abdd75fc7.jpg,Good UX
screenshots/gplus_to_png.rf.14ba1cc2ac834408ed765413aa72c0e6.jpg,Bad UX
screenshots/gq_com_png.rf.de5b9b8f5e7569f84badb12674ce1f4b.jpg,Good UX
screenshots/greenpeace_org_png.rf.858d0eaa2ceb8491ae81d4ed183ec0b7.jpg,Good UX
screenshots/groups_google_com_png.rf.12628f7f978bec8b0294741b3f57b7ee.jpg,Bad UX
screenshots/gsuite_google_com_png.rf.e6893f58d7637f9698378fdde5c4fd02.jpg,Bad UX
screenshots/guardian_co_uk_png.rf.320aeb69f1550df57fed6e57db8e19c8.jpg,Bad UX
screenshots/gulfnews_com_png.rf.d1f4d43e73aff416ff949f0280117327.jpg,Good UX
screenshots/gumroad_com_png.rf.09cbb6245a200bb5bbc04bba28335670.jpg,Good UX
screenshots/gutenberg_org_png.rf.9faec110f680dce1997d305747ec778d.jpg,Bad UX
screenshots/gyazo_com_png.rf.0cef2b226c53fdacb48eda3f88807931.jpg,Good UX
screenshots/g_co_png.rf.d3c1ded6bdc97a6ac0f4daa4205b5744.jpg,Bad UX
screenshots/hackaday_com_png.rf.caea0e279d76eb003f6a57338d83d66b.jpg,Good UX
screenshots/hackernoon_com_png.rf.731cf0bc17e5122db4fd3b5d347e7ff4.jpg,Good UX
screenshots/hackerone_com_png.rf.a364c750d8aef2549ddfc826252cc96d.jpg,Good UX
screenshots/handbrake_fr_png.rf.0FkSqTvN9MYNREOmZblx.jpg,Bad UX
screenshots/handelsblatt_com_png.rf.3Ss3ElLsVxlTPSZEc9r9.jpg,Good UX
screenshots/hangouts_google_com_png.rf.911d9391b4f4d7652b355194d3d587e1.jpg,Good UX
screenshots/harborfreight_com_png.rf.23ef688473af561c0f26d5c69efb4f5e.jpg,Good UX
screenshots/hbr_org_png.rf.44EBz7MkckSHoY4vhPTn.jpg,Good UX
screenshots/hdl_handle_net_png.rf.21cdfef35683c92dda4e27f923a53328.jpg,Bad UX
screenshots/healthline_com_png.rf.99bfc244f8eafd033a73394c60c9f334.jpg,Good UX
screenshots/health_harvard_edu_png.rf.fd9d0ccd98f1eadbda3a6ab4274aa0a9.jpg,Good UX
screenshots/helpx_adobe_com_png.rf.0442bc765dde41a4a6a51f1fd750ec6b.jpg,Bad UX
screenshots/help_github_com_png.rf.7511657c430533d482fff57832fec5a6.jpg,Good UX
screenshots/help_instagram_com_png.rf.188154f8de7f8ff6ddcb4b10084ddac7.jpg,Bad UX
screenshots/history_com_png.rf.bbb86c3e2c83509d620c267f3ee1bbd6.jpg,Good UX
screenshots/hootsuite_com_png.rf.43faee33b310e45993cfcc51ad48b975.jpg,Good UX
screenshots/hotmail_com_png.rf.48b27df47b3d390eac8f57bc264e13a7.jpg,Good UX
screenshots/hotnewhiphop_com_png.rf.079ae5e5ed2faa14ff1d63fbe1c84947.jpg,Good UX
screenshots/hotpepper_jp_png.rf.6e766295b5b2fc5d7d8b08f5a3687582.jpg,Bad UX
screenshots/houzz_com_png.rf.2fXXaSeJJ7RE9CwAF7aT.jpg,Good UX
screenshots/hpe_com_png.rf.fb03e7cd047104499aa3f051083857e1.jpg,Good UX
screenshots/hp_com_png.rf.7317a374039e4c305d2de07b5adc0c4d.jpg,Good UX
screenshots/hqdefault.jpg,Bad UX
screenshots/hrc_org_png.rf.8424008d3326f8ba6d3a0cad5b8b167e.jpg,Good UX
screenshots/html5rocks_com_png.rf.1HbAPuiCQ3TXe0u7j5OC.jpg,Good UX
screenshots/hubpages_com_png.rf.770ed01b988ac8386874d56e8819916c.jpg,Bad UX
screenshots/hubs_ly_png.rf.98763422d0db7fe5126ac375327c2de5.jpg,Bad UX
screenshots/hub_docker_com_png.rf.f4dae70e716d6355f6d85662194d7874.jpg,Bad UX
screenshots/huffingtonpost_ca_png.rf.5db1adc9d7b8a087a607814b9393a90e.jpg,Good UX
screenshots/huffingtonpost_co_uk_png.rf.48b08d1283112eda4918a065fb00a029.jpg,Good UX
screenshots/huffpost_com_png.rf.314b75c0167274b529df0ad823ff35b2.jpg,Bad UX
screenshots/humblebundle_com_png.rf.9bb0c783458b08a8f56de5767a4a9cb0.jpg,Good UX
screenshots/ibb_co_png.rf.a43c499e107cd37e2f3b073bc24d8e8a.jpg,Good UX
screenshots/ibm_com_png.rf.99c916ba6afad18374e567645d765fd9.jpg,Good UX
screenshots/ib_adnxs_com_png.rf.49559b1558f1a114158c16946ac700ef.jpg,Bad UX
screenshots/icann_org_png.rf.b0d315f1976f243580d9d7773a1cb8e4.jpg,Bad UX
screenshots/icloud_com_png.rf.513612cac20fb5e028b9a049c8fc1d13.jpg,Bad UX
screenshots/icrc_org_png.rf.d4daac67f2bfd1c0b0bf5aef8508e537.jpg,Bad UX
screenshots/ietf_org_png.rf.4sgKx5Llb3M3ZIqYRpJe.jpg,Good UX
screenshots/ifttt_com_png.rf.2cbdff6f3e7ebca577bdd2e8ee537761.jpg,Good UX
screenshots/igg_me_png.rf.78ffb0f535a4ccfa9dc71eb3a086acb9.jpg,Good UX
screenshots/images (1).jpg,Bad UX
screenshots/images 4.jpg,Bad UX
screenshots/images3.jpg,Bad UX
screenshots/imgur_com_png.rf.14345793c22eb33dbb259188ff9618d4.jpg,Bad UX
screenshots/inc_com_png.rf.0ff5c2166df192b2dfa64b386151aa78.jpg,Good UX
screenshots/indiegogo_com_png.rf.aab9e84fad06985f5d7e777ca2d33e19.jpg,Good UX
screenshots/inkscape_org_png.rf.e082cb144b1e0e3bea66dabfe3da0bf2.jpg,Good UX
screenshots/insta360_com_png.rf.15acdad6e12d6c591c4e82164ff0d34e.jpg,Good UX
screenshots/instagram_com_png.rf.b8d8d2033890d51bcf413671fbd7f2e3.jpg,Good UX
screenshots/intel_com_png.rf.496cbd23563c68323edb346a1030df06.jpg,Good UX
screenshots/investopedia_com_png.rf.59b0e6b51d291af08607001fb51d4c3b.jpg,Bad UX
screenshots/in_pinterest_com_png.rf.fc3fe1d0e54903ab1aa7199af137ba0c.jpg,Bad UX
screenshots/irs_gov_png.rf.c436ff563c11c6f3c7852b1d15aa4ada.jpg,Good UX
screenshots/iso_org_png.rf.cdf563fbf00b222df9f6fb03c2ddb5e1.jpg,Bad UX
screenshots/issuu_com_png.rf.78e3430ec57bf1f0627db6fb3193af0f.jpg,Good UX
screenshots/istockphoto_com_png.rf.48ac99b5034f9a406e799b98d8b7d020.jpg,Good UX
screenshots/itunes_apple_com_png.rf.0614300ea66e0d1ad84ad87d71247e5d.jpg,Bad UX
screenshots/itv_com_png.rf.3e981d9eff22b927842b0ecd8b8b5038.jpg,Good UX
screenshots/i_imgur_com_png.rf.4Rdj5ruEQsIJnoUNYKtJ.jpg,Bad UX
screenshots/jdrf_org_png.rf.26e02e878e17da8d72b5b820ad69b725.jpg,Bad UX
screenshots/jetbrains_com_png.rf.5c5279bec4b7b1e540575ddcffd47b73.jpg,Good UX
screenshots/jetsetter_com_png.rf.47ae86abbc3fe9633fe112eef183d64d.jpg,Bad UX
screenshots/join_slack_com_png.rf.cd3e0fddeba625911cbc8c06c30b7586.jpg,Good UX
screenshots/joomla_org_png.rf.2ec63e24b31a334e8d4a9f45985e9ad8.jpg,Good UX
screenshots/journals_plos_org_png.rf.cfaea3833bab2213cf5c1af006a22e5d.jpg,Good UX
screenshots/jquery_com_png.rf.971f66879551cc2f4ea4cb63f2a6f3cf.jpg,Bad UX
screenshots/jsfiddle_net_png.rf.9PlFQOGf84PXgxHKV8X5.jpg,Bad UX
screenshots/justgiving_com_png.rf.4f580765c189df4184e7c93e02a62639.jpg,Good UX
screenshots/justice_gov_png.rf.2XqCEJ0jgpuLBFuA7WRp.jpg,Bad UX
screenshots/j_mp_png.rf.68eac272c5131f948569671e80d471df.jpg,Bad UX
screenshots/kaggle_com_png.rf.67402cb84d109c135d44a3754d421834.jpg,Bad UX
screenshots/khanacademy_org_png.rf.1ac28aac012198c4973d018cbba03f2a.jpg,Good UX
screenshots/kickstarter_com_png.rf.b4569532f862d3cb68e502551a9cfd03.jpg,Bad UX
screenshots/ko-fi_com_png.rf.af0563ac9e9770c823993590b63dcf5d.jpg,Good UX
screenshots/kobo_com_png.rf.16cbd645490d3d3b67069a0f6c08838a.jpg,Good UX
screenshots/kraken_com_png.rf.eba0673d61f6b6b2d5ef2240db29ec56.jpg,Good UX
screenshots/labnol_org_png.rf.b0452f75eb6b07587ae8a784c60afa5f.jpg,Bad UX
screenshots/last_fm_png.rf.f65f5bf2f46d06ea4dc26673334745d6.jpg,Good UX
screenshots/latimesblogs_latimes_com_png.rf.f2a680651dbd47a3bf2dcc9ac0240b58.jpg,Good UX
screenshots/latimes_com_png.rf.c360e8769aa80a1c9f43e5f532f6e46a.jpg,Good UX
screenshots/launchpad_net_png.rf.d852e085fca9388400277d23a5abe152.jpg,Bad UX
screenshots/lavanguardia_com_png.rf.1070b85a3d6b62256b2ff890566e8fc5.jpg,Bad UX
screenshots/law_cornell_edu_png.rf.617b9a9b1594aba80870478d066d716c.jpg,Bad UX
screenshots/lefigaro_fr_png.rf.7153275b7f015938e588babe3291ef42.jpg,Bad UX
screenshots/lego_com_png.rf.3915209e8111b8a525a75f9bdb5ff24b.jpg,Good UX
screenshots/letterboxd_com_png.rf.301060ae740c444a60b9c18440acae73.jpg,Bad UX
screenshots/lifehacker_com_png.rf.a1251bf2aaee9fb0583b500c401f91ff.jpg,Bad UX
screenshots/line_me_png.rf.5f22f6ea6af0445ccfc3324d7c5538f5.jpg,Good UX
screenshots/linktr_ee_png.rf.64f5f3db8c3ad920e35e46c420584b00.jpg,Good UX
screenshots/link_springer_com_png.rf.45a61bc7eae317731e6cc4988c423695.jpg,Bad UX
screenshots/list_ly_png.rf.8d914e748e6d34695d9dcd8d1b4f249b.jpg,Good UX
screenshots/liveinternet_ru_png.rf.b01accfad78910be5ff082c89d5196b3.jpg,Bad UX
screenshots/livescience_com_png.rf.cbefc5acecc572cee53abaabc90f6b6a.jpg,Bad UX
screenshots/livestream_com_png.rf.5ff62b2639beae90844b57bf61428a12.jpg,Bad UX
screenshots/livestrong_com_png.rf.41aaa055058e89b0f1e2a42b64384665.jpg,Good UX
screenshots/lmgtfy_com_png.rf.555a197c1c23af1a4765c44c3023892d.jpg,Bad UX
screenshots/loc_gov_png.rf.7c1bca1a872443c0f3ac44256f702435.jpg,Good UX
screenshots/lse_ac_uk_png.rf.8b1f01674819afcb50ef72a4df7eb5d6.jpg,Good UX
screenshots/lulu_com_png.rf.e664399b82d42e693011fdeacffafdd7.jpg,Good UX
screenshots/lynda_com_png.rf.7f49b823ca7cf141fcb9c2357ed9cada.jpg,Good UX
screenshots/l_facebook_com_png.rf.40ffac060d5e43d8dce67869393b6504.jpg,Bad UX
screenshots/m-78_jp_png.rf.788335d91b1e1f1c3e9823161fed309d.jpg,Good UX
screenshots/m21_hk_png.rf.109d9b2f030d934146f5f891c2831f2f.jpg,Good UX
screenshots/madmimi_com_png.rf.0592a05a5168a0d2dcebbe49a120610e.jpg,Good UX
screenshots/makeuseof_com_png.rf.051d872e87b80acf9643a94107b236da.jpg,Bad UX
screenshots/mandrillapp_com_png.rf.bbcb84ebe3f34512b400c03f9c928c6e.jpg,Bad UX
screenshots/mapsengine_google_com_png.rf.1jLs0KBx4Ep6HQucAKlO.jpg,Bad UX
screenshots/maps_googleapis_com_png.rf.07bwLLAjKEGz3eEjO5Pd.jpg,Bad UX
screenshots/marketplace_visualstudio_com_png.rf.3b7377d6bf9c92fce95a51f2e538f075.jpg,Bad UX
screenshots/marketwatch_com_png.rf.69e11bbd02bf74ca0c9ec1ac4918ad03.jpg,Bad UX
screenshots/marktplaats_nl_png.rf.ae636b997119f835eabad804e60c5cee.jpg,Bad UX
screenshots/mashable_com_png.rf.3a6eb94f60c6eb871874fdc973379f89.jpg,Bad UX
screenshots/mckinsey_com_png.rf.684754aaf6fc1c90833e911f62688525.jpg,Good UX
screenshots/medium_com_png.rf.901371583632197c6db4403565e7feb5.jpg,Good UX
screenshots/mentalfloss_com_png.rf.2d5f887db388d5aea51ed17a31507591.jpg,Good UX
screenshots/mercadopago_com_png.rf.b3747c52d96941088359b4d9a36fa6b6.jpg,Good UX
screenshots/messenger_com_png.rf.93bfd22b1aecd766f998c1665ffc4a5c.jpg,Good UX
screenshots/meta_wikimedia_org_png.rf.72c6360670aa247e7e5b049ddda5a742.jpg,Bad UX
screenshots/metro_co_uk_png.rf.c5d2a6d9c039a1df57617065f55a7c85.jpg,Good UX
screenshots/mewe_com_png.rf.4442d2128cfcaca0b258e25538bcad44.jpg,Good UX
screenshots/michigan_gov_png.rf.e01012e791ea2744eb9818563dc307c2.jpg,Bad UX
screenshots/microformats_org_png.rf.87213ad1f71f3f6109164ffc31f0373b.jpg,Bad UX
screenshots/microsoft_com_png.rf.5PyjQFEgOxgw0DJJSdJ8.jpg,Good UX
screenshots/minnpost_com_png.rf.125e969d2a9b33d8135b56511c813426.jpg,Good UX
screenshots/mirror_co_uk_png.rf.9d5a0155a6ac36b4d9ab5cbcb54cadd2.jpg,Good UX
screenshots/missingkids_com_png.rf.fbad6e220f007288fa6810b073f41497.jpg,Good UX
screenshots/mitpress_mit_edu_png.rf.e8a9d84ffbfeea2a5c5ad8ff58f0590f.jpg,Good UX
screenshots/mixcloud_com_png.rf.bee5640601b8351f04bfbc8474972bb6.jpg,Good UX
screenshots/mixi_jp_png.rf.697129efc0a13c9a2a8861521b99d578.jpg,Bad UX
screenshots/mix_com_png.rf.7f4b276ab8eb840773dabdeaa18d6096.jpg,Bad UX
screenshots/mlb_com_png.rf.0918800d8e5468f1ec79085dac2f6916.jpg,Good UX
screenshots/money_yandex_ru_png.rf.77cfd453d8f9e8cac66e767b25dab951.jpg,Good UX
screenshots/monosnap_com_png.rf.76906cd594551c14ed28acb3b377e2a7.jpg,Good UX
screenshots/monsterinsights_com_png.rf.9d759483ca6cabc8666956bc1df5a29d.jpg,Good UX
screenshots/mp_weixin_qq_com_png.rf.c96160f30b0bbd5a3e3ab9e04d8170d2.jpg,Bad UX
screenshots/msdn_microsoft_com_png.rf.b80f9d5b0e3a102dd485b9f5a1931a1c.jpg,Good UX
screenshots/msn_com_png.rf.f42ebe75bf0750b0d13ce51668dc1ef4.jpg,Bad UX
screenshots/mtv_com_png.rf.297607338e5a0d5753257da268afa401.jpg,Good UX
screenshots/music_apple_com_png.rf.883ce675265519507feab6410a9798e2.jpg,Good UX
screenshots/myaccount_google_com_png.rf.3ce8f9f3883062cb3f49a0458c06fbb8.jpg,Bad UX
screenshots/myspace_com_png.rf.e930c9eabdf770f9587e7589e26c6011.jpg,Good UX
screenshots/mysql_com_png.rf.0f858eb91c1d646c107a586e55130b49.jpg,Bad UX
screenshots/m_do_co_png.rf.f35f1b201c5911d090e5166e44c5ba26.jpg,Good UX
screenshots/m_youtube_com_png.rf.02d628429bb6b74db2166068b610a43d.jpg,Bad UX
screenshots/nanowrimo_org_png.rf.fc222bbc1814c3ab5e8c1e171ed20269.jpg,Good UX
screenshots/nasa_gov_png.rf.77a5cccfecf34fdd1b07ce0a89f4fc7c.jpg,Good UX
screenshots/nationalarchives_gov_uk_png.rf.Cfa7Y6cFovjPJARZ3vmL.jpg,Good UX
screenshots/nationalgeographic_com_png.rf.c8e6c4fea11e786b987be9d8de59a5e9.jpg,Bad UX
screenshots/nature_com_png.rf.cdc3fb8ad927bec45333f6f599aba11d.jpg,Good UX
screenshots/nba_com_png.rf.0DTAz4cld4oKyQXQIKvZ.jpg,Bad UX
screenshots/nbcnews_com_png.rf.b2f294b753be0cbf84a29c3ec6ae1fa6.jpg,Bad UX
screenshots/nbcsports_com_png.rf.c19a7e7cd3e701a217c84294109b28c0.jpg,Good UX
screenshots/nbc_com_png.rf.aa5192301441d317912c9765f008935f.jpg,Good UX
screenshots/nber_org_png.rf.6780a64d42aeaa7b19c4e3d22625d972.jpg,Bad UX
screenshots/ncbi_nlm_nih_gov_png.rf.ca1355adfe2fdf7a4f23ed21be213f62.jpg,Bad UX
screenshots/ncsl_org_png.rf.b4fad13f16632a2e0f2bc77d39bb4319.jpg,Good UX
screenshots/ndtv_com_png.rf.bfa6fe31ff29d9d28d225342efa4f62f.jpg,Bad UX
screenshots/neilpatel_com_png.rf.4a1d39431014be07e7ec82e195361f98.jpg,Bad UX
screenshots/nest_com_png.rf.1XmbOeSBuIy4Nhdv8sJF.jpg,Good UX
screenshots/netflix_com_png.rf.ed1585eff8e959e8124cc16a6bca03ca.jpg,Good UX
screenshots/netzpolitik_org_png.rf.f47e4c94cbe203b42ff9036acc6f9d9a.jpg,Bad UX
screenshots/newegg_com_png.rf.11c21aa37e7701aabcff9f60acdde664.jpg,Bad UX
screenshots/newscientist_com_png.rf.c00d36b8b51b20ec6c60c91ef00f68db.jpg,Good UX
screenshots/newsweek_com_png.rf.af01363a51f0fd0e2e92449342e2abf2.jpg,Bad UX
screenshots/news_com_au_png.rf.3deqlTSrAiADPpl73YLP.jpg,Bad UX
screenshots/news_harvard_edu_png.rf.4xqZIkRjIi6k2ijBc8O7.jpg,Bad UX
screenshots/news_mit_edu_png.rf.8a1eba6186cdb0f3d86e9fe65ca0d2ca.jpg,Good UX
screenshots/news_nationalgeographic_com_png.rf.f944a3eaded65a9a4f582d2d851310e2.jpg,Good UX
screenshots/news_stanford_edu_png.rf.6e2b69dfc86ad07f4b6c40040faeee58.jpg,Good UX
screenshots/news_yahoo_com_png.rf.128e6475d469b4da335d6c435ce2a8e2.jpg,Bad UX
screenshots/newyorker_com_png.rf.94cdbb4ab133884eb745775d82acaf20.jpg,Good UX
screenshots/nfl_com_png.rf.d947dfc7f6c329083aa861bfb4ec750d.jpg,Bad UX
screenshots/nhs_uk_png.rf.223eef04c3342481904a02504b798997.jpg,Good UX
screenshots/nicovideo_jp_png.rf.6bgKpcGcMUEZYrXOSPQs.jpg,Bad UX
screenshots/nimb_ws_png.rf.630aaee2c277ae2272463ab384b9bfed.jpg,Bad UX
screenshots/nj_com_png.rf.e5db42bdc2436f2f878247d64868cba7.jpg,Bad UX
screenshots/nme_com_png.rf.f7378ff869b8161f77437b63801f411a.jpg,Good UX
screenshots/nobelprize_org_png.rf.19e8cb56afa9835971b5fc2a0afc7c7e.jpg,Bad UX
screenshots/nodejs_org_png.rf.35EMVcVrQzzBne0nn9gT.jpg,Bad UX
screenshots/nofilmschool_com_png.rf.0aa5503cba2d980bd5ada83ead26122c.jpg,Good UX
screenshots/nokia_com_png.rf.c7b04b85ed8504af108671fa7d2ab042.jpg,Good UX
screenshots/northeastern_edu_png.rf.1454678b609587d9039d866ad5987cff.jpg,Good UX
screenshots/notepad-plus-plus_org_png.rf.e5e40bc1d6ef1e2e8d6e7d7545d91ec8.jpg,Good UX
screenshots/notion_so_png.rf.73ac16cbb99083283e4ff90e57a80089.jpg,Good UX
screenshots/nrdc_org_png.rf.30f82d86bed3ee1cefaddfc8014ab757.jpg,Bad UX
screenshots/nsf_gov_png.rf.6b3e49a3d2a1775924271ac54e729995.jpg,Good UX
screenshots/nvu_com_png.rf.d1dca131821386eae229bece74d74763.jpg,Bad UX
screenshots/nytimes_com_png.rf.225b1155244e5a8b4c7a591ee9256e6c.jpg,Bad UX
screenshots/nzherald_co_nz_png.rf.4caee71a94a9ce5375bcaea464461019.jpg,Good UX
screenshots/oasis-open_org_png.rf.7lcDBoGivR78fttNdpWi.jpg,Bad UX
screenshots/obsproject_com_png.rf.f11140e72e96434d48cad2fcc21f9dec.jpg,Good UX
screenshots/octagonarts_org_png.rf.32f6f0955b65abf41264ae2e5e115bd2.jpg,Good UX
screenshots/ocw_mit_edu_png.rf.2ea29ccbaba540adf9906fe1b556eaba.jpg,Good UX
screenshots/odoo_com_png.rf.e34976c28f6f20e8eac3c3c0a35c7636.jpg,Good UX
screenshots/officedepot_com_png.rf.d64b7e612466116fa29a5e2b8c1b02c7.jpg,Good UX
screenshots/ohchr_org_png.rf.ea1bbcceefb2212380286819c4bc0f69.jpg,Bad UX
screenshots/onelink_to_png.rf.5ZhBdgBCZtg6SNyTnMCD.jpg,Good UX
screenshots/onesignal_com_png.rf.3b547931d67aaeca7cd72562c1681167.jpg,Good UX
screenshots/one_pager_business_update_summary_presentation_report_infographic_ppt_pdf_document_slide01.jpg,Bad UX
screenshots/online_wsj_com_png.rf.9f7ddfbca4c67825154453410847d43a.jpg,Bad UX
screenshots/opengroup_org_png.rf.9YgrggQz6kjyaHKHG6I8.jpg,Good UX
screenshots/openoffice_org_png.rf.84f945023016afd2a0b6ff8120e6a8f8.jpg,Bad UX
screenshots/opera_com_png.rf.fd664b789c8fc1fdee028c18b7fe8a91.jpg,Good UX
screenshots/optinmonster_com_png.rf.1E8m3GX1rpelNtkqZTjc.jpg,Bad UX
screenshots/oracle_com_png.rf.820783638717919f88f2eab4991cfa37.jpg,Bad UX
screenshots/orcid_org_png.rf.52c524e351e78f76b82d218531a515f0.jpg,Good UX
screenshots/oreilly_com_png.rf.5cEqUWhsiJUudYt9u291.jpg,Good UX
screenshots/otto_de_png.rf.327ad0ed8d5c8a16ebd1888db762ad26.jpg,Bad UX
screenshots/outlook_com_png.rf.1369a852567ad4d270c466771067c51c.jpg,Good UX
screenshots/ow_ly_png.rf.f7a738e7f577a0c233d7de2d8b24cb66.jpg,Good UX
screenshots/page_1_thumb.jpg,Bad UX
screenshots/page_1_thumb_large.jpg,Bad UX
screenshots/page_2_thumb_large.jpg,Bad UX
screenshots/page_3_thumb_large.jpg,Bad UX
screenshots/pastebin_com_png.rf.3981052893868550c19d1bb88bfb9275.jpg,Bad UX
screenshots/patagonia_com_png.rf.63gmvEd9ChgOyBHEJVvj.jpg,Bad UX
screenshots/patheos_com_png.rf.7a9a5ffb3d5d6a06aa0ee66c22ed3fa0.jpg,Bad UX
screenshots/patreon_com_png.rf.339339cbf70d315f0599be85f3c003f1.jpg,Good UX
screenshots/payhip_com_png.rf.92f1b93b6d888613f6313db161202e90.jpg,Good UX
screenshots/paypal_com_png.rf.ba26660176d32c3ecf51f92c6e2beb14.jpg,Good UX
screenshots/paypal_me_png.rf.51121f29dc69ff6318b3bf95223f1459.jpg,Good UX
screenshots/pcmag_com_png.rf.562b63a561fc3c6460d5c10a1ee33ada.jpg,Good UX
screenshots/pcworld_com_png.rf.64bd9c6423a246dea381cde3f589c341.jpg,Bad UX
screenshots/peatix_com_png.rf.7d4a016ae57044fd5e0332a3a842ee5b.jpg,Good UX
screenshots/penguinrandomhouse_com_png.rf.921bc9746d1acb23f3cb9160cd439045.jpg,Good UX
screenshots/people_com_png.rf.e53e8178e86933cc0608d844f70eb849.jpg,Bad UX
screenshots/pexels_com_png.rf.3bcc779a7156bfad132f419573b8f711.jpg,Bad UX
screenshots/phabricator_wikimedia_org_png.rf.8f5ba39d5d162c21e138cf3e64a59a34.jpg,Bad UX
screenshots/photos_google_com_png.rf.af4270a010cd5caeb6964cea1cb1613c.jpg,Bad UX
screenshots/pitchfork_com_png.rf.728f8c5b02a65c321eba2baa1bd0fbe6.jpg,Good UX
screenshots/pixiv_net_png.rf.8693f9fe980ffdcc5d85976f498ed286.jpg,Good UX
screenshots/pixlr_com_png.rf.ed14472567368e3968a7d1f72d2c9d85.jpg,Good UX
screenshots/plato_stanford_edu_png.rf.053625aa197d5973ffa3b10da28597e9.jpg,Bad UX
screenshots/play_google_com_png.rf.56aa5255f72a4f562453fb830881dc14.jpg,Good UX
screenshots/play_spotify_com_png.rf.59287341679eedd2e9fdacd6aca783fd.jpg,Bad UX
screenshots/plesk_com_png.rf.556d3456b5870412d685cbb6a2e458a5.jpg,Bad UX
screenshots/plosone_org_png.rf.11a44d241cd3ff57190c5ced5cf3656a.jpg,Bad UX
screenshots/plus_google_com_png.rf.1385d1a0ed581b6d5f1c00f29660550f.jpg,Bad UX
screenshots/pl_linkedin_com_png.rf.ef2452c45154e2b7f94b6576c5903366.jpg,Good UX
screenshots/podbean_com_png.rf.0TzulxJlc7vTSIQO6Xt7.jpg,Good UX
screenshots/podcasts_google_com_png.rf.d3c375d26b4406f442b6af730feb20e7.jpg,Bad UX
screenshots/policies_google_com_png.rf.d8c1786789666d27bb17bb1619cac133.jpg,Bad UX
screenshots/politico_com_png.rf.a853b334b7054b6c55a5f8e2360e1097.jpg,Bad UX
screenshots/popsci_com_png.rf.3d7d0751dd2f768b14badf4279093467.jpg,Bad UX
screenshots/popularmechanics_com_png.rf.cfc7c126256e2efd3b49d2fd7e7ac460.jpg,Good UX
screenshots/priceline_com_png.rf.27331022e55d56f52f585f741754c855.jpg,Good UX
screenshots/privacyshield_gov_png.rf.077c00a9a8f00a3200914ae2f93a6531.jpg,Good UX
screenshots/privacy_google_com_png.rf.216095f9fb8c8c8856c20e30106e5336.jpg,Good UX
screenshots/prnewswire_com_png.rf.3EhSvSGLCgPdPJk3dzPl.jpg,Bad UX
screenshots/prntscr_com_png.rf.82325b2048677ad27f1ff82e216eecfe.jpg,Bad UX
screenshots/prnt_sc_png.rf.44cff8cbb79fbc50220b980bec870a52.jpg,Bad UX
screenshots/producthunt_com_png.rf.95e2b521ac7868a7467ece5765c07c27.jpg,Bad UX
screenshots/promods_net_png.rf.2acadb7d748a0055eab5af27f8a07463.jpg,Bad UX
screenshots/prtimes_jp_png.rf.5dcf55d7eb01c8144bfe125730c4c7d2.jpg,Bad UX
screenshots/prweb_com_png.rf.5e5f19b6ab86f3f016cc2c3b6f1fc3c9.jpg,Bad UX
screenshots/psychologytoday_com_png.rf.f2MpxU9FYRN5PktQ9xnq.jpg,Good UX
screenshots/pt_wikipedia_org_png.rf.a50af45eb22466772e4c09de8975585b.jpg,Bad UX
screenshots/punchng_com_png.rf.20b21dc6d17946c177678878fdcb9068.jpg,Bad UX
screenshots/pusher_com_png.rf.522567740ac6ae00bf17ff64639fc5a9.jpg,Good UX
screenshots/python_org_png.rf.0a20bd0c44b34c9b61d289c0afa8129f.jpg,Bad UX
screenshots/qualitywebmarketing_net_png.rf.1a78ee4ec1647280b799768dc322a1a6.jpg,Bad UX
screenshots/quora_com_png.rf.3c7a8895b91816279aa84745dfbc822f.jpg,Bad UX
screenshots/qz_com_png.rf.9f8aefb82ce696db3abdabccead2e01c.jpg,Good UX
screenshots/radar_avrotros_nl_png.rf.27f82d21206cef1e21ba40a14e6dcf7d.jpg,Bad UX
screenshots/radiokrakow_pl_png.rf.5c1b70754fa19395ccc78adfd09f83c6.jpg,Bad UX
screenshots/rakuten_com_png.rf.14253b91725488310d25a820b00ad0b0.jpg,Good UX
screenshots/ravelry_com_png.rf.347eebeff97712f3f0163f4fd3d09ad7.jpg,Good UX
screenshots/reactjs_org_png.rf.3b31f210fbda9e97ee3ea6c46101556d.jpg,Bad UX
screenshots/realtor_com_png.rf.681960bb0b428e8647fe8961a08a366a.jpg,Good UX
screenshots/redbubble_com_png.rf.aa1107a3a9ec49674ea9613e9d0d43db.jpg,Good UX
screenshots/reddit_com_png.rf.23ab85a809494f90a7534ff53b74dd8f.jpg,Good UX
screenshots/redhat_com_png.rf.c2YoB28Ti5H1P79g2mvx.jpg,Good UX
screenshots/research_googleblog_com_png.rf.1808c77f9a859106624077c5a783a14e.jpg,Bad UX
screenshots/research_google_com_png.rf.10307db36adb8bc5b8dafc50ea34ba79.jpg,Bad UX
screenshots/reurl_cc_png.rf.4fce30b49558f410a76c4323e3996482.jpg,Good UX
screenshots/reuters_com_png.rf.560fba4c46eb70476b5436fec0bb9ec4.jpg,Bad UX
screenshots/reverbnation_com_png.rf.bc6cc9cba8a3a99290c5058a13f0f560.jpg,Good UX
screenshots/rollingstone_com_png.rf.9ec1815d28457e8559a330d3a351c5df.jpg,Good UX
screenshots/rottentomatoes_com_png.rf.204d7de0472b31a34b672ef42a62df84.jpg,Good UX
screenshots/rt_com_png.rf.413145597ae5529ee522641c6133041b.jpg,Bad UX
screenshots/ru_wikipedia_org_png.rf.edd74bcf0293c967479c63d9fc49de5d.jpg,Bad UX
screenshots/r_gnavi_co_jp_png.rf.f9525ad58dda46e8a5631355a2c0302f.jpg,Bad UX
screenshots/s0_wp_com_png.rf.C6O9UHHYGpCKN1O54Rri.jpg,Good UX
screenshots/s3-us-west-2_amazonaws_com_png.rf.0LfulZaoShlFsSHuwMN3.jpg,Bad UX
screenshots/s3_amazonaws_com_png.rf.0d05be67e1c564b01aef572ce93ef809.jpg,Bad UX
screenshots/salesforce_com_png.rf.2825039c86facb89d3727cd6726ca8c7.jpg,Good UX
screenshots/samhsa_gov_png.rf.60dede859d5af5bbfe49191d68358bc7.jpg,Good UX
screenshots/sans_org_png.rf.dd5024d4275ae3deba3e555265a2882b.jpg,Good UX
screenshots/sap_com_png.rf.845a5feaab6f64d50649e284639f58f3.jpg,Good UX
screenshots/sas_com_png.rf.8f4161c7495890f4b8451551cebae26e.jpg,Good UX
screenshots/schema_org_png.rf.24e721ad705ec200be9801713195fb22.jpg,Bad UX
screenshots/sciencealert_com_png.rf.8cce212a1b0d777308dc4264a7082bf6.jpg,Good UX
screenshots/sciencedaily_com_png.rf.f9de6b4fd4312cd0561f77b4bd0578d1.jpg,Bad UX
screenshots/sciencedirect_com_png.rf.7a1bQrJZnC5E2kiQQMQ3.jpg,Good UX
screenshots/sciencemag_org_png.rf.32ef8b0baac7f3b28839f28841aefac9.jpg,Good UX
screenshots/scientificamerican_com_png.rf.3KMszb49XWREZ8EVqina.jpg,Bad UX
screenshots/scmp_com_png.rf.60021591cb4ed44ba2ef3b7b1e41ecc1.jpg,Good UX
screenshots/screenrant_com_png.rf.fd50858cc2253461938a1134ddec013c.jpg,Good UX
screenshots/Screenshot-from-2014-07-18-09-06-25.png,Bad UX
screenshots/scribd_com_png.rf.995cbb276075b4ff4137d73ef853bbe9.jpg,Good UX
screenshots/searchengineland_com_png.rf.b2d7949ca9b2e6715d01ccb0ad3a77ed.jpg,Bad UX
screenshots/secure_gravatar_com_png.rf.8HhVTamuGrTjmK60mxqk.jpg,Good UX
screenshots/secure_php_net_png.rf.1c5f136fc3e7bf798454bdc0a69126e6.jpg,Bad UX
screenshots/security_googleblog_com_png.rf.18cd425f5dc020fa66a389a927c9111c.jpg,Bad UX
screenshots/sellfy_com_png.rf.EB44s9t7GuWDPczKtLXf.jpg,Good UX
screenshots/sendspace_com_png.rf.e3a9e2425fa758bfbd31612afd57b606.jpg,Bad UX
screenshots/seroundtable_com_png.rf.aff011e9b3bca49c16369fb79e82fc84.jpg,Bad UX
screenshots/sfchronicle_com_png.rf.3e52fb6bc0816d349340747c6cf6bcdd.jpg,Bad UX
screenshots/sfgate_com_png.rf.d44d8b30768de043d5ecd07db6ec86ec.jpg,Good UX
screenshots/shareasale_com_png.rf.3af7836d755a8a966e31d05e533e11b9.jpg,Good UX
screenshots/sherwin-williams_com_png.rf.3a72790904c942986b832e10e8f70da4.jpg,Good UX
screenshots/shopee_tw_png.rf.8be7fc5ee693237cfe34d7ac8dfbc529.jpg,Good UX
screenshots/shopify_com_png.rf.24abb44db70ef5147f873657cf3b1b50.jpg,Good UX
screenshots/shutterstock_com_png.rf.b3186d2060685dcb93c53d93d4772f3c.jpg,Good UX
screenshots/simonandschuster_com_png.rf.b2fec3d7e97ffb7c6d9654eade5fb88b.jpg,Good UX
screenshots/simple_wikipedia_org_png.rf.a7a69804f6650a383b814c0e3294e8fd.jpg,Bad UX
screenshots/siteground_com_png.rf.61383d2c49cc02e79c53435b471b4093.jpg,Bad UX
screenshots/sitepoint_com_png.rf.4s042woqBOwP50nQExek.jpg,Good UX
screenshots/sketchfab_com_png.rf.1a966df8aef003ca1f1d0ca50177253c.jpg,Good UX
screenshots/sketchup_google_com_png.rf.554e7df7c35fe81daaf2b6ab2d5ee0fc.jpg,Bad UX
screenshots/skfb_ly_png.rf.f7817945a75f4d6a9c163c980656137e.jpg,Good UX
screenshots/skillshare_com_png.rf.1539e5fb934c0409e2fdb00719939a57.jpg,Good UX
screenshots/skype_com_png.rf.8UidWHJYOrjmzB66n51v.jpg,Bad UX
screenshots/slack_com_png.rf.61876e867f0719e4dcdbc7e99b49730e.jpg,Good UX
screenshots/slate_com_png.rf.12fc436dc9e0dabde1f4cf6f28723104.jpg,Bad UX
screenshots/slideshare_net_png.rf.2370570281d0fb30d6426ebba86e053e.jpg,Good UX
screenshots/slides_com_png.rf.1k23guCsj9SwlI6JobYe.jpg,Good UX
screenshots/smarturl_it_png.rf.68f4730da624fb871b27e15706e1e81b.jpg,Bad UX
screenshots/smile_amazon_com_png.rf.7207b9a49d49931b4d4b17fb1323fef0.jpg,Bad UX
screenshots/smithsonianmag_com_png.rf.9da60c1833b684d9835c1ec3751fa6ec.jpg,Good UX
screenshots/snag_gy_png.rf.98cb2ef6fe49359de941d95631b3c712.jpg,Bad UX
screenshots/snip_ly_png.rf.8bc2fa79bacd0d2a6d258b489e5a3b56.jpg,Good UX
screenshots/snopes_com_png.rf.ac5428f6b6880d7d1173ef94cffb0b47.jpg,Good UX
screenshots/socialmediaexaminer_com_png.rf.98a6b8dd57c891720b9de79e0d52eb8f.jpg,Good UX
screenshots/soundcloud_com_png.rf.ac2f0cf38154ebc19f9cead70f2cb939.jpg,Bad UX
screenshots/source_android_com_png.rf.476b0c2f76e82db9f422d5cf05401265.jpg,Bad UX
screenshots/space_com_png.rf.013054de405dc55b8b515aa40bc5c7e8.jpg,Bad UX
screenshots/spark_adobe_com_png.rf.9ufbM7UI44lPDVlhvvXd.jpg,Bad UX
screenshots/speakerdeck_com_png.rf.fec7a3eea3048a293c46189a7ae3ae26.jpg,Good UX
screenshots/spectrum_ieee_org_png.rf.c826e767a26717017293a5f559a74106.jpg,Bad UX
screenshots/spektrum_de_png.rf.2f8568530f2b1ba646234850d0409f2e.jpg,Bad UX
screenshots/spotify_com_png.rf.3sqFZv3JsABMg5VRyuiX.jpg,Good UX
screenshots/spotlight_com_png.rf.59651f8afba7dd698d0d214939d3f491.jpg,Good UX
screenshots/springer_com_png.rf.ee54a53a592bf2821418a121728276a4.jpg,Good UX
screenshots/squarespace_com_png.rf.dac8795bff7e1f6f62f893c0a003dd37.jpg,Good UX
screenshots/squareup_com_png.rf.cc15a2a2b223e26db4d681e76d635152.jpg,Good UX
screenshots/squidoo_com_png.rf.8724412e072e5ac128d8e4230ffd990a.jpg,Bad UX
screenshots/stackoverflow_com_png.rf.ec2f2d1b16cb7c512e40c69148808374.jpg,Bad UX
screenshots/startribune_com_png.rf.32f96af93a49dacfb88eba2f778f281d.jpg,Bad UX
screenshots/starwars_com_png.rf.7489e67a2e8adaa715779998d53384f5.jpg,Good UX
screenshots/statista_com_png.rf.0b254a4940cc08c1741d145bf0fb3ae4.jpg,Good UX
screenshots/steemit_com_png.rf.91ced0c6d1e92a3a36d75e81f33b9d86.jpg,Bad UX
screenshots/stellar_org_png.rf.f99d2d2a6106acffaebf40ddc76d1c07.jpg,Bad UX
screenshots/StichRule-Blogger-Template-2.jpg,Bad UX
screenshots/stltoday_com_png.rf.924a95daee21501b720bc42a63192ea5.jpg,Bad UX
screenshots/stocktwits_com_png.rf.af92e2a938417baf6ac5fef93bcd79bc.jpg,Bad UX
screenshots/stock_adobe_com_png.rf.2f95DtrgqU1yORgphGRQ.jpg,Good UX
screenshots/store_google_com_png.rf.3c8d717c57a97f3b9407ce756cea0ac5.jpg,Good UX
screenshots/storify_com_png.rf.b18751162db23b436f99dce3bf17bdd6.jpg,Good UX
screenshots/strava_com_png.rf.28ceec086625a5462f1b2cd3303163a3.jpg,Good UX
screenshots/studiopress_com_png.rf.fce19e80fe8892d538f7d383453555f5.jpg,Good UX
screenshots/sumo_com_png.rf.23fd3aae8dd4949f1e1c7d69f58e79ba.jpg,Bad UX
screenshots/support_apple_com_png.rf.33360adaf3ead4117dec8f1d28bf24c9.jpg,Good UX
screenshots/support_mozilla_org_png.rf.fb84e9e2783b530eb264f10d707e5afa.jpg,Good UX
screenshots/support_twitter_com_png.rf.4b7093d61a6dec95b6f6d9bdc6f2839d.jpg,Good UX
screenshots/surveymonkey_com_png.rf.a5bbf15f247f9e5d5138d55ca5b6dbe7.jpg,Bad UX
screenshots/sustainabledevelopment_un_org_png.rf.19d3c692f7f829bb14312338a50e062f.jpg,Good UX
screenshots/sutterhealth_org_png.rf.5a220b210d09a1006602771b7dbaf082.jpg,Good UX
screenshots/sxsw_com_png.rf.e2e29973012bb2b0fde4e094e2c8ae9c.jpg,Good UX
screenshots/t-mobile_com_png.rf.8b4cbae080c05ea8e2ca35a998adcc00.jpg,Good UX
screenshots/tagmanager_google_com_png.rf.373458bf3dcee413be7c2e7454faf7c3.jpg,Bad UX
screenshots/target_com_png.rf.bb91cde1770d5a50a859ca84a4c843d9.jpg,Good UX
screenshots/techradar_com_png.rf.c57ae9f2a459d19f6e8b06aa9a4a0eaf.jpg,Good UX
screenshots/techspot_com_png.rf.BolPppApSYWxk1SjWM3d.jpg,Good UX
screenshots/teespring_com_png.rf.5bfec507de9b642771ebc91aa84a92c9.jpg,Good UX
screenshots/telegram_me_png.rf.1180c45e4299f79628ecacf99da1e78e.jpg,Bad UX
screenshots/telegraph_co_uk_png.rf.4ec650e2322c8089f8e52e988d6ed0db.jpg,Bad UX
screenshots/tensorflow_org_png.rf.0a179318972a6c0ad55ab197d25ea831.jpg,Good UX
screenshots/tesla_com_png.rf.4Jw1TSDyuDOowLUpa071.jpg,Bad UX
screenshots/theatlantic_com_png.rf.61cfec2e9cf4b39498af74fc8d4848a4.jpg,Bad UX
screenshots/theconversation_com_png.rf.605e526219c8a33e48a3653889b14d52.jpg,Good UX
screenshots/theculturetrip_com_png.rf.ed8e7903b2bf80058c6b0c7305dca0d4.jpg,Good UX
screenshots/thedailybeast_com_png.rf.d1fYX7ILsMg6XqtmpWDn.jpg,Good UX
screenshots/thefreedictionary_com_png.rf.74b34098b3e485d25c792c07006c299b.jpg,Bad UX
screenshots/theguardian_com_png.rf.30dac2e6927bd17bac113010d4b70264.jpg,Bad UX
screenshots/thehill_com_png.rf.20a78a7929df7a2bea7df3960361d927.jpg,Bad UX
screenshots/theknot_com_png.rf.409uM9octh6x3hlik7vg.jpg,Bad UX
screenshots/themegrill_com_png.rf.2c3DyE3SbrAff3TZz463.jpg,Good UX
screenshots/thenextweb_com_png.rf.6de4d9e4a97decd6c3aa26f8eb7b3a5a.jpg,Bad UX
screenshots/theringer_com_png.rf.1lB6qYwymXyKgIRXvquM.jpg,Bad UX
screenshots/thestar_com_png.rf.1fde904a0c3567455ee08f9fe8380eae.jpg,Good UX
screenshots/thesun_co_uk_png.rf.2b3970f95975df03fcd2441b8d5a4d9c.jpg,Good UX
screenshots/theta360_com_png.rf.c590d1b95968316e9ef67f6a696fca1b.jpg,Good UX
screenshots/theverge_com_png.rf.BRORSpx0BCmRdzdCtw7J.jpg,Bad UX
screenshots/thingiverse_com_png.rf.8mGyzWNeYijHh5VtDLU4.jpg,Bad UX
screenshots/thinkwithgoogle_com_png.rf.0e3CasnPbMEGQSO8oMHB.jpg,Bad UX
screenshots/threejs_org_png.rf.aa3faa23b6c26f03d6809c0013580821.jpg,Good UX
screenshots/thrillist_com_png.rf.8AXo7KJqfxKHMMk9dsXg.jpg,Good UX
screenshots/thriveglobal_com_png.rf.580555b6f63f7f16ca44dca98ee95be4.jpg,Good UX
screenshots/ticketmaster_com_png.rf.89d481d951b6acfb4e08fb5485cb1c6a.jpg,Good UX
screenshots/timeout_com_png.rf.635b5f30c788c702095f8c085f408a00.jpg,Good UX
screenshots/time_com_png.rf.46f359cc9fcb68b89cffe302f6a1089e.jpg,Good UX
screenshots/tinyurl_com_png.rf.62952810f39125068510e8ce229f0225.jpg,Bad UX
screenshots/today_com_png.rf.d70ddbf09f7288d8f4dee04d5f1b6634.jpg,Bad UX
screenshots/tools_google_com_png.rf.2189f5adeef0291976660af9d964ac4a.jpg,Bad UX
screenshots/tools_ietf_org_png.rf.ea47c0bf5fb57880b7cc4b57230c0874.jpg,Bad UX
screenshots/torontosun_com_png.rf.9f35d693dc6401f326c7c18530f3792a.jpg,Bad UX
screenshots/torproject_org_png.rf.dffb9f437906f4afb88269d3e57d49bc.jpg,Good UX
screenshots/tor_com_png.rf.03c605c99ec9b7aa97d83650c147ed03.jpg,Good UX
screenshots/transip_nl_png.rf.39bce85a55f093bd5e9c959cd12541f8.jpg,Good UX
screenshots/translate_google_com_png.rf.ff55284fded55049a07e7a7955a247ff.jpg,Bad UX
screenshots/transparencyreport_google_com_png.rf.942eb2d2f87884187e9f8e1ddd68b67a.jpg,Good UX
screenshots/travelandleisure_com_png.rf.7875a11bff22552b22507788f4e54bdd.jpg,Bad UX
screenshots/travel_state_gov_png.rf.a4451edcac05aa865829c9c3238a481a.jpg,Bad UX
screenshots/trello_com_png.rf.390671d043e5d85d81be0ac9c0d36fc3.jpg,Good UX
screenshots/trends_google_com_png.rf.7m1Qa5zt6klBF3Ev3abg.jpg,Good UX
screenshots/tripadvisor_com_png.rf.c7353b7c9364988bd69f16a37e1f0b9c.jpg,Good UX
screenshots/tripadvisor_co_uk_png.rf.9d44790ecac272808858075edf50d6aa.jpg,Good UX
screenshots/tumblr_com_png.rf.0dbf324db9165bced8056585e6c2de4a.jpg,Good UX
screenshots/tvtropes_org_png.rf.340d778982e7f924112e10d6c22317e9.jpg,Bad UX
screenshots/tweakers_net_png.rf.7ec0d32a9fef8adc284caadca4459cf2.jpg,Good UX
screenshots/twitter_com_png.rf.ab852c9f73caa7d3591c426262b02679.jpg,Good UX
screenshots/t_ly_png.rf.ff991b05114fc2508b75eedc1c76be4c.jpg,Bad UX
screenshots/t_qq_com_png.rf.9a2a7098520726dd0cbc0402185200b2.jpg,Good UX
screenshots/uber_com_png.rf.a10968903808f201bee9ebdfe9f8ec69.jpg,Good UX
screenshots/ubuntu_com_png.rf.8b442c5d9fee3828260586d932f94f50.jpg,Good UX
screenshots/ucl_ac_uk_png.rf.48c41b2d3394ecc71b35eaf061ab7e3e.jpg,Good UX
screenshots/ucweb_com_png.rf.e8bdd540ea644ac5d3434e049f2cc426.jpg,Good UX
screenshots/udacity_com_png.rf.5ea68076b5b6c3d946cfef51e8e7722e.jpg,Good UX
screenshots/ui_design___watch_app_by_athayarm_dfo8o36-fullview.png,Bad UX
screenshots/uk_linkedin_com_png.rf.2331e9b44b5f342012283850f96fdb61.jpg,Good UX
screenshots/unesco_org_png.rf.efa9f5062fc5c0241c6d4f673fcc8e46.jpg,Bad UX
screenshots/unicef_org_png.rf.4848ddc9a901309acc2c428b814d71e9.jpg,Good UX
screenshots/unity3d_com_png.rf.e92b794e9e5dbd4f3b2f1db98b7bb905.jpg,Good UX
screenshots/upload_wikimedia_org_png.rf.05d253cfdc435d8bbe672a5a9165bc02.jpg,Bad UX
screenshots/upwork_com_png.rf.a8fdb0a37a81c4ff52eeff6a7e8c104d.jpg,Bad UX
screenshots/urbandictionary_com_png.rf.4c8cf27ad4fcd45f98698dc2aa770608.jpg,Bad UX
screenshots/urlzs_com_png.rf.0ea1b14c371dff348e9bba2948d8e986.jpg,Bad UX
screenshots/usatoday_com_png.rf.5fc5a4edca3190ee434f2f9b67af9a05.jpg,Bad UX
screenshots/uscis_gov_png.rf.2cd4bb0071e722b3f85f66c1463ece4d.jpg,Bad UX
screenshots/use_typekit_net_png.rf.eba8eaed026567ab3e4ff439678f2358.jpg,Good UX
screenshots/ustream_tv_png.rf.954cfa438be58edee5dd69592c36726a.jpg,Bad UX
screenshots/validator_w3_org_png.rf.c29892ff39f50dded3cacd4dec3fa090.jpg,Bad UX
screenshots/variety_com_png.rf.d19fedf9be96485d259e9449bb147e2f.jpg,Good UX
screenshots/vedomosti_ru_png.rf.93d5d3fefbd9d1deae9b1a8139beba18.jpg,Bad UX
screenshots/venturebeat_com_png.rf.457a3cad60d28f45dd9d5edfb22e56b3.jpg,Good UX
screenshots/vice_com_png.rf.0693fd25067f8e4284533aeadc65e4be.jpg,Good UX
screenshots/vimeo_com_png.rf.2bd9720b6e2ac09a2ea71dfbe6472a19.jpg,Good UX
screenshots/vine_co_png.rf.bdc148f49a0746a4b591856bffbb0e3d.jpg,Good UX
screenshots/visualstudio_com_png.rf.e45c89cf8d1aeb162d151f6dfc37c4de.jpg,Good UX
screenshots/vizeo_net_png.rf.2955bb013d5b3e64e182674c6979e71f.jpg,Good UX
screenshots/vk_me_png.rf.6ccc6412fe5202eceda56da0a09b4b3b.jpg,Bad UX
screenshots/vmware_com_png.rf.c5bdcce97e452a84a00fb287c5880dab.jpg,Bad UX
screenshots/vogue_com_png.rf.6b8b56b033b4185b72cea09d7e853a24.jpg,Good UX
screenshots/vogue_in_png.rf.15858b9431cdd9b085340df268f525d5.jpg,Bad UX
screenshots/vonage_com_png.rf.cb045f5df6b2209d10e48eaac63d1d60.jpg,Good UX
screenshots/w3schools_com_png.rf.9d20119884355fabbea0d3b3978c8353.jpg,Good UX
screenshots/w3_org_png.rf.ef4d3fe3ef520dbb17790f078fc7c39c.jpg,Bad UX
screenshots/washingtoncitypaper_com_png.rf.70e4812978eff20c2a59a26fb17c8e65.jpg,Good UX
screenshots/washingtontimes_com_png.rf.405096f8e5ecb4311ad94ec603aedff3.jpg,Good UX
screenshots/wattpad_com_png.rf.20005f727db900405250bb9de267342a.jpg,Good UX
screenshots/wa_me_png.rf.1f208e07ced77e89cd7c01062dc5c86a.jpg,Good UX
screenshots/webdesign_about_com_png.rf.d1e5e90b789b050e4dac74d1f0e3b26e.jpg,Good UX
screenshots/webflow_com_png.rf.0a55b21f88e563280ef9fefa353301eb.jpg,Good UX
screenshots/webmasters_googleblog_com_png.rf.1df31b0d0cd4874102b3d4770c0f2da0.jpg,Bad UX
screenshots/webmd_com_png.rf.ba439bbe1fae75c863e7d6d455550202.jpg,Bad UX
screenshots/web_archive_org_png.rf.0b0629badab183be89e6c554979cb381.jpg,Bad UX
screenshots/web_facebook_com_png.rf.0f5aaa7aa07948dc419831990039a6a1.jpg,Bad UX
screenshots/web_ovationtix_com_png.rf.53c7cdf1e97203afa7fc3975175a226b.jpg,Bad UX
screenshots/web_stagram_com_png.rf.2d0445e24b773ec700b5eeee113d28e1.jpg,Bad UX
screenshots/web_stanford_edu_png.rf.9a60c7039ced21c671b020ae25194dc5.jpg,Good UX
screenshots/web_whatsapp_com_png.rf.b303a5e3c945f5d17b79615e1d007c20.jpg,Good UX
screenshots/weebly_com_png.rf.09e12fd7e5d12851f8779fd55919937d.jpg,Good UX
screenshots/weforum_org_png.rf.d160e88e3c3ad05b41497191fe536db2.jpg,Bad UX
screenshots/weheartit_com_png.rf.176e9b0932d2fb58c407d68c9748f65a.jpg,Bad UX
screenshots/weibo_com_png.rf.5Aipiwn4bKgJ4xAzyK5G.jpg,Bad UX
screenshots/whatismyip_com_png.rf.4184f1ab2f2628dff941e8cc601e3360.jpg,Bad UX
screenshots/wikipedia_org_png.rf.6d4b4f134baa1a31ee3f5bfe63cf06dd.jpg,Bad UX
screenshots/wikiwand_com_png.rf.a09dc2901132455a5a076ad946fa2ade.jpg,Good UX
screenshots/wiki_mozilla_org_png.rf.3c40e9cce48bdb9a7c3a9a4de5cda856.jpg,Good UX
screenshots/wiki_ubuntu_com_png.rf.90984642b73b7bb754ad5e1cac54eea2.jpg,Bad UX
screenshots/windows_microsoft_com_png.rf.3f6b1f6d76f97c79c23b12c04b0957cd.jpg,Good UX
screenshots/wish_com_png.rf.4564da78a3f111119d5a08c3532fb708.jpg,Good UX
screenshots/wordpress_org_png.rf.09070e9b30847b719b80fcee0c7d0988.jpg,Good UX
screenshots/workingdog_com_png.rf.66806371846052e33327e8f61d83eebf.jpg,Bad UX
screenshots/wowhead_com_png.rf.690130c2acdcacff61c781a6f5f9b046.jpg,Bad UX
screenshots/wow_link_png.rf.69qwPZw2DTdQW8K5bwnf.jpg,Good UX
screenshots/wp-rocket_me_png.rf.40517baa42f8ff54df0084ba4d911a81.jpg,Good UX
screenshots/wp_me_png.rf.661df1bd978e193a2b10638b44d4569b.jpg,Good UX
screenshots/wsj_com_png.rf.44d22335579d163693ffd5e934da62c4.jpg,Bad UX
screenshots/wttc_org_png.rf.43e9a22ff2c6a68c140cf07311c1972f.jpg,Good UX
screenshots/wunderground_com_png.rf.9cec960ebdf745d7990795dc2f51c50b.jpg,Bad UX
screenshots/www-01_ibm_com_png.rf.fde422d339c9adf23cb6072d0cf644a0.jpg,Bad UX
screenshots/www2_deloitte_com_png.rf.ec4a777103ceaf2a35a6c4cc1c45c8ed.jpg,Good UX
screenshots/www3_nhk_or_jp_png.rf.0a0dfb066fd649f2ffc6eb41db02100f.jpg,Bad UX
screenshots/www8_hp_com_png.rf.7dec70c09b500b91aa629dcb0624a170.jpg,Good UX
screenshots/yahoo_com_png.rf.9mP7AS3KC7Ypkzma7U02.jpg,Bad UX
screenshots/yandex_ru_png.rf.2c8cb524c9519ee5b453fd452c79a2ee.jpg,Bad UX
screenshots/yellowpages_com_png.rf.7bf9c41bae2f6916dc7c483c2e9c3600.jpg,Good UX
screenshots/yelp_com_png.rf.3bb4ec6278a90820dbd1caf9b2b20d81.jpg,Good UX
screenshots/yle_fi_png.rf.86230f9d6a08fba1e14ae2e839b0577e.jpg,Good UX
screenshots/youcaring_com_png.rf.2EjWR5II9QHwcHUhtjYE.jpg,Bad UX
screenshots/youtube_com_png.rf.d1864d24cf2a8a9a4dea327dfe54d50a.jpg,Bad UX
screenshots/youtube_googleblog_com_png.rf.1b13a860d1942ebacfa27273f8ce5e25.jpg,Bad UX
screenshots/yr_no_png.rf.3a0074ef6784e15adfbb193e4fac8a4c.jpg,Bad UX
screenshots/zazzle_com_png.rf.71ab29df4c93237bd18e2697e30e58ba.jpg,Bad UX
screenshots/zeit_de_png.rf.4yVbL7dFar6coa8VGAcj.jpg,Good UX
screenshots/zen_yandex_ru_png.rf.a9044180dbe17f40ca43c8968417a8db.jpg,Bad UX
screenshots/zillow_com_png.rf.5bf0af2a4c29fe6fcd970a0209ff07f0.jpg,Bad UX
screenshots/ziprecruiter_com_png.rf.3e23be1eaa501ea6a8010d1595b0dc13.jpg,Bad UX
screenshots/zoom_us_png.rf.52b38e6c4e2d958d017090f8ff03dc68.jpg,Good UX
